trial_id,folder_name,file_name,trial,front,status,back,process,filename,param1,param1_value,param2,param2_value,param3,param3_value,image_name,final_status,Display_Timestamp,Display_Epoch,Elapsed_From_First_Display_s,Frame_60fps,Frame_120fps,Key_Timestamp,Reaction_Time,Front_Char,Back_Char,User_Key,Accuracy,Result_Type,Judgment,FrontIsDigit_inferred,Skip_Task,Skip_Reason,task_start_frame_emr,task_end_frame_emr,diopter_baseline,diopter_onset_frame,diopter_peak_frame,diopter_peak_value,diopter_delta,baseline_frame_start,baseline_frame_end,miosis_frame_start,miosis_frame_end,pupil_left_baseline,pupil_right_baseline,pupil_both_baseline,pupil_left_miosis_mean,pupil_right_miosis_mean,pupil_both_miosis_mean,pupil_left_miosis_min,pupil_right_miosis_min,pupil_both_miosis_min,pupil_left_change_rate_mean,pupil_right_change_rate_mean,pupil_both_change_rate_mean,pupil_left_change_rate_min,pupil_right_change_rate_min,pupil_both_change_rate_min
S01_9_1,S01,9,1,Q,filler,9,model,G:\pictures_verify\transformed_verify\roomBright_figureDark\sun_busy\9_day_sun_busy.jpg,brightness,25.454,contrast,1.16,gamma,1.064,M_9_3_Q_filler_9_day_sun_busy_MODEL_brightness25.454_contrast1.160_gamma1.064.jpg,Ignore,2026-01-08T11:47:19.660,1767840439.660682,0.0,0,0,,,Q,9,,1,Correct Rejection,正解(スルー成功),False,True,front_not_digit,,,,,,,,,,,,,,,,,,,,,,,,,,
S01_9_2,S01,9,2,8,unmatch,4,original,G:\pictures_verify\transformed_verify\roomBright_figureDark\sun_empty\4_day_sun_empty.jpg,,,,,,,M_9_45_8_unmatch_4_day_sun_empty_ORIG.jpg,Mismatch,2026-01-08T11:47:24.758,1767840444.7586298,5.097947835922241,306,612,2026-01-08T11:47:26.125,1.3667752742767334,8,4,b,1,Correct Rejection,正解(不一致),True,True,no_diopter_onset,612.0,1211.0,0.0,,,,,,,,,,,,,,,,,,,,,,,
S01_9_3,S01,9,3,U,filler,4,brightonly,G:\pictures_verify\transformed_verify\roomBright_figureDark\sun_empty\4_day_sun_empty.jpg,brightness,40.55,,,,,M_9_46_U_filler_4_day_sun_empty_BRIGHTONLY_brightness40.550.jpg,Ignore,2026-01-08T11:47:29.854,1767840449.8547866,10.194104671478271,612,1223,,,U,4,,1,Correct Rejection,正解(スルー成功),False,True,front_not_digit,,,,,,,,,,,,,,,,,,,,,,,,,,
S01_9_4,S01,9,4,A,filler,4,original,G:\pictures_verify\transformed_verify\roomBright_figureDark\rain_busy\4_day_rain_busy.jpg,,,,,,,M_9_42_A_filler_4_day_rain_busy_ORIG.jpg,Ignore,2026-01-08T11:47:34.952,1767840454.9524462,15.29176425933838,918,1835,,,A,4,,1,Correct Rejection,正解(スルー成功),False,True,front_not_digit,,,,,,,,,,,,,,,,,,,,,,,,,,
S01_9_5,S01,9,5,7,unmatch,1,original,G:\pictures_verify\transformed_verify\roomBright_figureDark\sun_busy\1_day_sun_busy.jpg,,,,,,,M_9_17_7_unmatch_1_day_sun_busy_ORIG.jpg,Mismatch,2026-01-08T11:47:40.041,1767840460.0415995,20.3809175491333,1223,2446,2026-01-08T11:47:41.314,1.27292799949646,7,1,b,1,Correct Rejection,正解(不一致),True,True,no_diopter_onset,2446.0,3045.0,0.0,,,,,,,,,,,,,,,,,,,,,,,
S01_9_6,S01,9,6,L,filler,9,model,G:\pictures_verify\transformed_verify\roomBright_figureDark\sun_empty\9_day_sun_empty.jpg,brightness,18.052,contrast,1.163,gamma,1.019,M_9_25_L_filler_9_day_sun_empty_MODEL_brightness18.052_contrast1.163_gamma1.019.jpg,Ignore,2026-01-08T11:47:45.137,1767840465.137655,25.476973056793213,1529,3057,,,L,9,,1,Correct Rejection,正解(スルー成功),False,True,front_not_digit,,,,,,,,,,,,,,,,,,,,,,,,,,
S01_9_7,S01,9,7,I,filler,3,brightonly,G:\pictures_verify\transformed_verify\roomBright_figureDark\rain_busy\3_day_rain_busy.jpg,brightness,36.09,,,,,M_9_2_I_filler_3_day_rain_busy_BRIGHTONLY_brightness36.090.jpg,Ignore,2026-01-08T11:47:50.236,1767840470.236268,30.575586080551147,1835,3669,,,I,3,,1,Correct Rejection,正解(スルー成功),False,True,front_not_digit,,,,,,,,,,,,,,,,,,,,,,,,,,
S01_9_8,S01,9,8,L,filler,8,original,G:\pictures_verify\transformed_verify\roomBright_figureDark\rain_busy\8_day_rain_busy.jpg,,,,,,,M_9_31_L_filler_8_day_rain_busy_ORIG.jpg,Ignore,2026-01-08T11:47:55.321,1767840475.3219943,35.66131234169006,2140,4279,,,L,8,,1,Correct Rejection,正解(スルー成功),False,True,front_not_digit,,,,,,,,,,,,,,,,,,,,,,,,,,
S01_9_9,S01,9,9,5,unmatch,7,brightonly,G:\pictures_verify\transformed_verify\roomBright_figureDark\rain_empty\7_day_rain_empty.jpg,brightness,35.62,,,,,M_9_11_5_unmatch_7_day_rain_empty_BRIGHTONLY_brightness35.620.jpg,Mismatch,2026-01-08T11:48:00.421,1767840480.4218187,40.76113677024841,2446,4891,2026-01-08T11:48:01.810,1.388202667236328,5,7,b,1,Correct Rejection,正解(不一致),True,True,no_diopter_onset,4891.0,5490.0,0.0,,,,,,,,,,,,,,,,,,,,,,,
S01_9_10,S01,9,10,C,filler,4,original,G:\pictures_verify\transformed_verify\roomBright_figureDark\rain_empty\4_day_rain_empty.jpg,,,,,,,M_9_16_C_filler_4_day_rain_empty_ORIG.jpg,Ignore,2026-01-08T11:48:05.522,1767840485.5221808,45.86149883270264,2752,5503,,,C,4,,1,Correct Rejection,正解(スルー成功),False,True,front_not_digit,,,,,,,,,,,,,,,,,,,,,,,,,,
S01_9_11,S01,9,11,J,filler,5,brightonly,G:\pictures_verify\transformed_verify\roomBright_figureDark\sun_empty\5_day_sun_empty.jpg,brightness,40.55,,,,,M_9_19_J_filler_5_day_sun_empty_BRIGHTONLY_brightness40.550.jpg,Ignore,2026-01-08T11:48:10.606,1767840490.6068194,50.94613742828369,3057,6114,,,J,5,,1,Correct Rejection,正解(スルー成功),False,True,front_not_digit,,,,,,,,,,,,,,,,,,,,,,,,,,
S01_9_12,S01,9,12,4,match,4,original,G:\pictures_verify\transformed_verify\roomBright_figureDark\sun_empty\4_day_sun_empty.jpg,,,,,,,M_9_8_4_match_4_day_sun_empty_ORIG.jpg,Match,2026-01-08T11:48:15.704,1767840495.7046633,56.04398131370544,3363,6725,2026-01-08T11:48:17.265,1.5604426860809326,4,4,t,1,Hit,正解(一致),True,True,no_diopter_onset,6725.0,7324.0,0.0,,,,,,,,,,,,,,,,,,,,,,,
S01_9_13,S01,9,13,Q,filler,8,original,G:\pictures_verify\transformed_verify\roomBright_figureDark\rain_empty\8_day_rain_empty.jpg,,,,,,,M_9_32_Q_filler_8_day_rain_empty_ORIG.jpg,Ignore,2026-01-08T11:48:20.810,1767840500.810809,61.150126695632935,3669,7338,,,Q,8,,1,Correct Rejection,正解(スルー成功),False,True,front_not_digit,,,,,,,,,,,,,,,,,,,,,,,,,,
S01_9_14,S01,9,14,9,match,9,brightonly,G:\pictures_verify\transformed_verify\roomBright_figureDark\sun_empty\9_day_sun_empty.jpg,brightness,40.55,,,,,M_9_43_9_match_9_day_sun_empty_BRIGHTONLY_brightness40.550.jpg,Match,2026-01-08T11:48:25.905,1767840505.905956,66.24527406692505,3975,7949,2026-01-08T11:48:27.412,1.5067198276519775,9,9,t,1,Hit,正解(一致),True,False,,7949.0,8548.0,0.0,8024.0,8029.0,1.5392438512355295,1.5392438512355295,8014.0,8023.0,8089.0,8098.0,4.26954,4.046686666666666,4.158113333333334,3.3662199999999998,3.20398,3.2851,3.3598,3.1864,3.2745,0.21157314371103217,0.20824608774585945,0.2099541939693806,0.2130768185799876,0.2125903825846,0.21250342703501765
S01_9_15,S01,9,15,G,filler,3,original,G:\pictures_verify\transformed_verify\roomBright_figureDark\sun_busy\3_day_sun_busy.jpg,,,,,,,M_9_24_G_filler_3_day_sun_busy_ORIG.jpg,Ignore,2026-01-08T11:48:30.995,1767840510.995109,71.33442735671997,4280,8560,,,G,3,,1,Correct Rejection,正解(スルー成功),False,True,front_not_digit,,,,,,,,,,,,,,,,,,,,,,,,,,
S01_9_16,S01,9,16,L,filler,1,brightonly,G:\pictures_verify\transformed_verify\roomBright_figureDark\rain_empty\1_day_rain_empty.jpg,brightness,35.62,,,,,M_9_4_L_filler_1_day_rain_empty_BRIGHTONLY_brightness35.620.jpg,Ignore,2026-01-08T11:48:36.093,1767840516.0932608,76.43257880210876,4586,9172,,,L,1,,1,Correct Rejection,正解(スルー成功),False,True,front_not_digit,,,,,,,,,,,,,,,,,,,,,,,,,,
S01_9_17,S01,9,17,E,filler,9,original,G:\pictures_verify\transformed_verify\roomBright_figureDark\sun_empty\9_day_sun_empty.jpg,,,,,,,M_9_41_E_filler_9_day_sun_empty_ORIG.jpg,Ignore,2026-01-08T11:48:41.191,1767840521.191044,81.53036189079285,4892,9784,,,E,9,,1,Correct Rejection,正解(スルー成功),False,True,front_not_digit,,,,,,,,,,,,,,,,,,,,,,,,,,
S01_9_18,S01,9,18,5,match,5,brightonly,G:\pictures_verify\transformed_verify\roomBright_figureDark\rain_busy\5_day_rain_busy.jpg,brightness,36.09,,,,,M_9_5_5_match_5_day_rain_busy_BRIGHTONLY_brightness36.090.jpg,Match,2026-01-08T11:48:46.278,1767840526.2780783,86.6173963546753,5197,10394,2026-01-08T11:48:47.610,1.331937313079834,5,5,t,1,Hit,正解(一致),True,True,no_diopter_onset,10394.0,10993.0,0.0,,,,,,,,,,,,,,,,,,,,,,,
S01_9_19,S01,9,19,D,filler,5,model,G:\pictures_verify\transformed_verify\roomBright_figureDark\rain_busy\5_day_rain_busy.jpg,brightness,23.168,contrast,1.169,gamma,1.078,M_9_12_D_filler_5_day_rain_busy_MODEL_brightness23.168_contrast1.169_gamma1.078.jpg,Ignore,2026-01-08T11:48:51.376,1767840531.376871,91.71618938446044,5503,11006,,,D,5,,1,Correct Rejection,正解(スルー成功),False,True,front_not_digit,,,,,,,,,,,,,,,,,,,,,,,,,,
S01_9_20,S01,9,20,8,match,8,model,G:\pictures_verify\transformed_verify\roomBright_figureDark\sun_busy\8_day_sun_busy.jpg,brightness,25.454,contrast,1.16,gamma,1.064,M_9_47_8_match_8_day_sun_busy_MODEL_brightness25.454_contrast1.160_gamma1.064.jpg,Match,2026-01-08T11:48:56.490,1767840536.4908395,96.83015775680542,5810,11620,2026-01-08T11:48:58.075,1.5844051837921145,8,8,t,1,Hit,正解(一致),True,True,no_diopter_onset,11620.0,12219.0,0.0,,,,,,,,,,,,,,,,,,,,,,,
S01_9_21,S01,9,21,E,filler,7,brightonly,G:\pictures_verify\transformed_verify\roomBright_figureDark\sun_empty\7_day_sun_empty.jpg,brightness,40.55,,,,,M_9_15_E_filler_7_day_sun_empty_BRIGHTONLY_brightness40.550.jpg,Ignore,2026-01-08T11:49:01.577,1767840541.5778706,101.91718864440918,6115,12230,,,E,7,,1,Correct Rejection,正解(スルー成功),False,True,front_not_digit,,,,,,,,,,,,,,,,,,,,,,,,,,
S01_9_22,S01,9,22,1,unmatch,8,model,G:\pictures_verify\transformed_verify\roomBright_figureDark\sun_empty\8_day_sun_empty.jpg,brightness,18.052,contrast,1.163,gamma,1.019,M_9_1_1_unmatch_8_day_sun_empty_MODEL_brightness18.052_contrast1.163_gamma1.019.jpg,Mismatch,2026-01-08T11:49:06.674,1767840546.6747024,107.01402044296265,6421,12842,2026-01-08T11:49:08.188,1.51405930519104,1,8,b,1,Correct Rejection,正解(不一致),True,True,no_diopter_onset,12842.0,13441.0,0.0,,,,,,,,,,,,,,,,,,,,,,,
S01_9_23,S01,9,23,A,filler,8,original,G:\pictures_verify\transformed_verify\roomBright_figureDark\rain_empty\8_day_rain_empty.jpg,,,,,,,M_9_23_A_filler_8_day_rain_empty_ORIG.jpg,Ignore,2026-01-08T11:49:11.779,1767840551.7792938,112.11861181259157,6727,13454,,,A,8,,1,Correct Rejection,正解(スルー成功),False,True,front_not_digit,,,,,,,,,,,,,,,,,,,,,,,,,,
S01_9_24,S01,9,24,R,filler,9,brightonly,G:\pictures_verify\transformed_verify\roomBright_figureDark\sun_busy\9_day_sun_busy.jpg,brightness,45.47,,,,,M_9_21_R_filler_9_day_sun_busy_BRIGHTONLY_brightness45.470.jpg,Ignore,2026-01-08T11:49:16.876,1767840556.8768723,117.21619033813477,7033,14066,,,R,9,,1,Correct Rejection,正解(スルー成功),False,True,front_not_digit,,,,,,,,,,,,,,,,,,,,,,,,,,
S01_9_25,S01,9,25,6,match,6,model,G:\pictures_verify\transformed_verify\roomBright_figureDark\sun_busy\6_day_sun_busy.jpg,brightness,25.454,contrast,1.16,gamma,1.064,M_9_20_6_match_6_day_sun_busy_MODEL_brightness25.454_contrast1.160_gamma1.064.jpg,Match,2026-01-08T11:49:21.975,1767840561.975149,122.3144669532776,7339,14678,2026-01-08T11:49:23.629,1.6548199653625488,6,6,t,1,Hit,正解(一致),True,True,no_diopter_onset,14678.0,15277.0,0.0,,,,,,,,,,,,,,,,,,,,,,,
S01_9_26,S01,9,26,I,filler,2,model,G:\pictures_verify\transformed_verify\roomBright_figureDark\sun_empty\2_day_sun_empty.jpg,brightness,18.052,contrast,1.163,gamma,1.019,M_9_13_I_filler_2_day_sun_empty_MODEL_brightness18.052_contrast1.163_gamma1.019.jpg,Ignore,2026-01-08T11:49:27.063,1767840567.0638592,127.40317726135254,7644,15288,,,I,2,,1,Correct Rejection,正解(スルー成功),False,True,front_not_digit,,,,,,,,,,,,,,,,,,,,,,,,,,
S01_9_27,S01,9,27,4,match,4,brightonly,G:\pictures_verify\transformed_verify\roomBright_figureDark\rain_empty\4_day_rain_empty.jpg,brightness,35.62,,,,,M_9_14_4_match_4_day_rain_empty_BRIGHTONLY_brightness35.620.jpg,Match,2026-01-08T11:49:32.160,1767840572.1601057,132.4994237422943,7950,15900,2026-01-08T11:49:33.718,1.5580127239227295,4,4,t,1,Hit,正解(一致),True,True,no_diopter_onset,15900.0,16499.0,0.0,,,,,,,,,,,,,,,,,,,,,,,
S01_9_28,S01,9,28,P,filler,0,original,G:\pictures_verify\transformed_verify\roomBright_figureDark\rain_busy\0_day_rain_busy.jpg,,,,,,,M_9_44_P_filler_0_day_rain_busy_ORIG.jpg,Ignore,2026-01-08T11:49:37.249,1767840577.2494197,137.58873748779297,8255,16511,,,P,0,,1,Correct Rejection,正解(スルー成功),False,True,front_not_digit,,,,,,,,,,,,,,,,,,,,,,,,,,
S01_9_29,S01,9,29,9,unmatch,0,brightonly,G:\pictures_verify\transformed_verify\roomBright_figureDark\rain_busy\0_day_rain_busy.jpg,brightness,36.09,,,,,M_9_40_9_unmatch_0_day_rain_busy_BRIGHTONLY_brightness36.090.jpg,Mismatch,2026-01-08T11:49:42.347,1767840582.347257,142.6865749359131,8561,17122,2026-01-08T11:49:43.901,1.5541326999664309,9,0,b,1,Correct Rejection,正解(不一致),True,True,no_diopter_onset,17122.0,17721.0,0.0,,,,,,,,,,,,,,,,,,,,,,,
S01_9_30,S01,9,30,C,filler,4,brightonly,G:\pictures_verify\transformed_verify\roomBright_figureDark\rain_empty\4_day_rain_empty.jpg,brightness,35.62,,,,,M_9_37_C_filler_4_day_rain_empty_BRIGHTONLY_brightness35.620.jpg,Ignore,2026-01-08T11:49:47.445,1767840587.4452028,147.7845208644867,8867,17734,,,C,4,,1,Correct Rejection,正解(スルー成功),False,True,front_not_digit,,,,,,,,,,,,,,,,,,,,,,,,,,
S01_9_31,S01,9,31,6,unmatch,8,model,G:\pictures_verify\transformed_verify\roomBright_figureDark\rain_empty\8_day_rain_empty.jpg,brightness,22.602,contrast,1.158,gamma,1.045,M_9_22_6_unmatch_8_day_rain_empty_MODEL_brightness22.602_contrast1.158_gamma1.045.jpg,Mismatch,2026-01-08T11:49:52.564,1767840592.5641284,152.90344643592834,9174,18348,2026-01-08T11:49:54.048,1.4840984344482422,6,8,b,1,Correct Rejection,正解(不一致),True,True,no_diopter_onset,18348.0,18947.0,0.0,,,,,,,,,,,,,,,,,,,,,,,
S01_9_32,S01,9,32,L,filler,4,model,G:\pictures_verify\transformed_verify\roomBright_figureDark\sun_busy\4_day_sun_busy.jpg,brightness,25.454,contrast,1.16,gamma,1.064,M_9_34_L_filler_4_day_sun_busy_MODEL_brightness25.454_contrast1.160_gamma1.064.jpg,Ignore,2026-01-08T11:49:57.646,1767840597.6462328,157.98555088043213,9479,18958,,,L,4,,1,Correct Rejection,正解(スルー成功),False,True,front_not_digit,,,,,,,,,,,,,,,,,,,,,,,,,,
S01_9_33,S01,9,33,G,filler,2,brightonly,G:\pictures_verify\transformed_verify\roomBright_figureDark\sun_empty\2_day_sun_empty.jpg,brightness,40.55,,,,,M_9_10_G_filler_2_day_sun_empty_BRIGHTONLY_brightness40.550.jpg,Ignore,2026-01-08T11:50:02.744,1767840602.744142,163.08346009254456,9785,19570,,,G,2,,1,Correct Rejection,正解(スルー成功),False,True,front_not_digit,,,,,,,,,,,,,,,,,,,,,,,,,,
S01_9_34,S01,9,34,3,match,3,original,G:\pictures_verify\transformed_verify\roomBright_figureDark\rain_empty\3_day_rain_empty.jpg,,,,,,,M_9_29_3_match_3_day_rain_empty_ORIG.jpg,Match,2026-01-08T11:50:07.833,1767840607.8330123,168.17233037948608,10090,20181,2026-01-08T11:50:09.526,1.693000078201294,3,3,t,1,Hit,正解(一致),True,True,no_diopter_onset,20181.0,20780.0,0.0,,,,,,,,,,,,,,,,,,,,,,,
S01_9_35,S01,9,35,L,filler,7,brightonly,G:\pictures_verify\transformed_verify\roomBright_figureDark\rain_busy\7_day_rain_busy.jpg,brightness,36.09,,,,,M_9_28_L_filler_7_day_rain_busy_BRIGHTONLY_brightness36.090.jpg,Ignore,2026-01-08T11:50:12.930,1767840612.930063,173.26938104629517,10396,20792,,,L,7,,1,Correct Rejection,正解(スルー成功),False,True,front_not_digit,,,,,,,,,,,,,,,,,,,,,,,,,,
S01_9_36,S01,9,36,B,filler,4,model,G:\pictures_verify\transformed_verify\roomBright_figureDark\sun_busy\4_day_sun_busy.jpg,brightness,25.454,contrast,1.16,gamma,1.064,M_9_7_B_filler_4_day_sun_busy_MODEL_brightness25.454_contrast1.160_gamma1.064.jpg,Ignore,2026-01-08T11:50:18.020,1767840618.020853,178.36017107963562,10702,21403,,,B,4,,1,Correct Rejection,正解(スルー成功),False,True,front_not_digit,,,,,,,,,,,,,,,,,,,,,,,,,,
S01_9_37,S01,9,37,L,filler,7,model,G:\pictures_verify\transformed_verify\roomBright_figureDark\rain_empty\7_day_rain_empty.jpg,brightness,22.602,contrast,1.158,gamma,1.045,M_9_39_L_filler_7_day_rain_empty_MODEL_brightness22.602_contrast1.158_gamma1.045.jpg,Ignore,2026-01-08T11:50:23.124,1767840623.1249478,183.46426582336423,11008,22016,,,L,7,,1,Correct Rejection,正解(スルー成功),False,True,front_not_digit,,,,,,,,,,,,,,,,,,,,,,,,,,
S01_9_38,S01,9,38,9,unmatch,3,original,G:\pictures_verify\transformed_verify\roomBright_figureDark\sun_busy\3_day_sun_busy.jpg,,,,,,,M_9_35_9_unmatch_3_day_sun_busy_ORIG.jpg,Mismatch,2026-01-08T11:50:28.214,1767840628.2143102,188.55362820625305,11313,22626,2026-01-08T11:50:29.867,1.6528139114379885,9,3,b,1,Correct Rejection,正解(不一致),True,True,no_diopter_onset,22626.0,23225.0,0.0,,,,,,,,,,,,,,,,,,,,,,,
S01_9_39,S01,9,39,A,filler,9,model,G:\pictures_verify\transformed_verify\roomBright_figureDark\rain_empty\9_day_rain_empty.jpg,brightness,22.602,contrast,1.158,gamma,1.045,M_9_18_A_filler_9_day_rain_empty_MODEL_brightness22.602_contrast1.158_gamma1.045.jpg,Ignore,2026-01-08T11:50:33.302,1767840633.302873,193.64219069480896,11619,23237,,,A,9,,1,Correct Rejection,正解(スルー成功),False,True,front_not_digit,,,,,,,,,,,,,,,,,,,,,,,,,,
S01_9_40,S01,9,40,T,filler,1,model,G:\pictures_verify\transformed_verify\roomBright_figureDark\sun_busy\1_day_sun_busy.jpg,brightness,25.454,contrast,1.16,gamma,1.064,M_9_38_T_filler_1_day_sun_busy_MODEL_brightness25.454_contrast1.160_gamma1.064.jpg,Ignore,2026-01-08T11:50:38.382,1767840638.3826344,198.7219524383545,11923,23847,2026-01-08T11:50:40.248,1.865863561630249,T,1,b,0,False Alarm,お手つき(スルー失敗),False,True,front_not_digit,,,,,,,,,,,,,,,,,,,,,,,,,,
S01_9_41,S01,9,41,B,filler,4,brightonly,G:\pictures_verify\transformed_verify\roomBright_figureDark\sun_empty\4_day_sun_empty.jpg,brightness,40.55,,,,,M_9_36_B_filler_4_day_sun_empty_BRIGHTONLY_brightness40.550.jpg,Ignore,2026-01-08T11:50:43.475,1767840643.475446,203.81476402282715,12229,24458,,,B,4,,1,Correct Rejection,正解(スルー成功),False,True,front_not_digit,,,,,,,,,,,,,,,,,,,,,,,,,,
S01_9_42,S01,9,42,3,unmatch,0,model,G:\pictures_verify\transformed_verify\roomBright_figureDark\rain_busy\0_day_rain_busy.jpg,brightness,23.168,contrast,1.169,gamma,1.078,M_9_33_3_unmatch_0_day_rain_busy_MODEL_brightness23.168_contrast1.169_gamma1.078.jpg,Mismatch,2026-01-08T11:50:48.579,1767840648.5792954,208.9186134338379,12535,25070,2026-01-08T11:50:49.849,1.2700581550598145,3,0,b,1,Correct Rejection,正解(不一致),True,True,no_diopter_onset,25070.0,25669.0,0.0,,,,,,,,,,,,,,,,,,,,,,,
S01_9_43,S01,9,43,I,filler,4,original,G:\pictures_verify\transformed_verify\roomBright_figureDark\rain_busy\4_day_rain_busy.jpg,,,,,,,M_9_9_I_filler_4_day_rain_busy_ORIG.jpg,Ignore,2026-01-08T11:50:53.667,1767840653.6679006,214.00721859931943,12840,25681,,,I,4,,1,Correct Rejection,正解(スルー成功),False,True,front_not_digit,,,,,,,,,,,,,,,,,,,,,,,,,,
S01_9_44,S01,9,44,E,filler,7,brightonly,G:\pictures_verify\transformed_verify\roomBright_figureDark\sun_busy\7_day_sun_busy.jpg,brightness,45.47,,,,,M_9_48_E_filler_7_day_sun_busy_BRIGHTONLY_brightness45.470.jpg,Ignore,2026-01-08T11:50:58.792,1767840658.7925632,219.13188123703003,13148,26296,,,E,7,,1,Correct Rejection,正解(スルー成功),False,True,front_not_digit,,,,,,,,,,,,,,,,,,,,,,,,,,
S01_9_45,S01,9,45,0,match,0,model,G:\pictures_verify\transformed_verify\roomBright_figureDark\rain_busy\0_day_rain_busy.jpg,brightness,23.168,contrast,1.169,gamma,1.078,M_9_27_0_match_0_day_rain_busy_MODEL_brightness23.168_contrast1.169_gamma1.078.jpg,Match,2026-01-08T11:51:03.886,1767840663.8860912,224.22540926933289,13454,26907,2026-01-08T11:51:05.012,1.126220941543579,0,0,t,1,Hit,正解(一致),True,True,no_diopter_onset,26907.0,27506.0,0.0,,,,,,,,,,,,,,,,,,,,,,,
S01_9_46,S01,9,46,S,filler,4,original,G:\pictures_verify\transformed_verify\roomBright_figureDark\sun_busy\4_day_sun_busy.jpg,,,,,,,M_9_26_S_filler_4_day_sun_busy_ORIG.jpg,Ignore,2026-01-08T11:51:08.983,1767840668.9830966,229.32241463661197,13759,27519,,,S,4,,1,Correct Rejection,正解(スルー成功),False,True,front_not_digit,,,,,,,,,,,,,,,,,,,,,,,,,,
S01_9_47,S01,9,47,D,filler,9,original,G:\pictures_verify\transformed_verify\roomBright_figureDark\rain_busy\9_day_rain_busy.jpg,,,,,,,M_9_6_D_filler_9_day_rain_busy_ORIG.jpg,Ignore,2026-01-08T11:51:14.071,1767840674.0716789,234.4109969139099,14065,28129,,,D,9,,1,Correct Rejection,正解(スルー成功),False,True,front_not_digit,,,,,,,,,,,,,,,,,,,,,,,,,,
S01_9_48,S01,9,48,U,filler,3,model,G:\pictures_verify\transformed_verify\roomBright_figureDark\rain_empty\3_day_rain_empty.jpg,brightness,22.602,contrast,1.158,gamma,1.045,M_9_30_U_filler_3_day_rain_empty_MODEL_brightness22.602_contrast1.158_gamma1.045.jpg,Ignore,2026-01-08T11:51:19.169,1767840679.1695952,239.5089132785797,14371,28741,,,U,3,,1,Correct Rejection,正解(スルー成功),False,True,front_not_digit,,,,,,,,,,,,,,,,,,,,,,,,,,
