trial_id,folder_name,file_name,trial,front,status,back,process,filename,param1,param1_value,param2,param2_value,param3,param3_value,image_name,final_status,Display_Timestamp,Display_Epoch,Elapsed_From_First_Display_s,Frame_60fps,Frame_120fps,Key_Timestamp,Reaction_Time,Front_Char,Back_Char,User_Key,Accuracy,Result_Type,Judgment,Is_Alphabet_Trial,Back_Image_Source,Back_Image_Path,Back_Image_Name_Used
S15_8_1,S15,8,1,4,match,4,brightonly,G:\pictures_verify\transformed_verify\roomBright_figureDark\rain_empty\4_day_rain_empty.jpg,brightness,35.62,,,,,M_8_39_4_match_4_day_rain_empty_BRIGHTONLY_brightness35.620.jpg,Match,2026-01-12T17:51:35.697,1768207895.6971807,0.0,0,0,2026-01-12T17:51:37.581,1.884751558303833,4,4,t,1,Hit,正解(一致),0,normal_image_name,D:\experiment_images_verify\Bright\S15\8\M_8_39_4_match_4_day_rain_empty_BRIGHTONLY_brightness35.620.jpg,M_8_39_4_match_4_day_rain_empty_BRIGHTONLY_brightness35.620.jpg
S15_8_2,S15,8,2,Q,filler,1,brightonly,G:\pictures_verify\transformed_verify\roomBright_figureDark\sun_busy\1_day_sun_busy.jpg,brightness,45.47,,,,,M_8_41_Q_filler_1_day_sun_busy_BRIGHTONLY_brightness45.470.jpg,Ignore,2026-01-12T17:51:38.302,1768207898.302824,2.6056432723999023,156,313,,,Q,1,None,1,Correct Rejection,正解(スルー成功),1,alphabet_fixed,./fillerpic/0_day_nocar.png,0_day_nocar.png
S15_8_3,S15,8,3,F,filler,8,original,G:\pictures_verify\transformed_verify\roomBright_figureDark\rain_empty\8_day_rain_empty.jpg,,,,,,,M_8_47_F_filler_8_day_rain_empty_ORIG.jpg,Ignore,2026-01-12T17:51:40.911,1768207900.9116528,5.214472055435181,313,626,,,F,8,None,1,Correct Rejection,正解(スルー成功),1,alphabet_fixed,./fillerpic/0_day_nocar.png,0_day_nocar.png
S15_8_4,S15,8,4,A,filler,0,brightonly,G:\pictures_verify\transformed_verify\roomBright_figureDark\sun_busy\0_day_sun_busy.jpg,brightness,45.47,,,,,M_8_37_A_filler_0_day_sun_busy_BRIGHTONLY_brightness45.470.jpg,Ignore,2026-01-12T17:51:43.509,1768207903.5092766,7.812095880508423,469,937,,,A,0,None,1,Correct Rejection,正解(スルー成功),1,alphabet_fixed,./fillerpic/0_day_nocar.png,0_day_nocar.png
S15_8_5,S15,8,5,I,filler,8,model,G:\pictures_verify\transformed_verify\roomBright_figureDark\rain_busy\8_day_rain_busy.jpg,brightness,23.168,contrast,1.169,gamma,1.078,M_8_35_I_filler_8_day_rain_busy_MODEL_brightness23.168_contrast1.169_gamma1.078.jpg,Ignore,2026-01-12T17:51:46.120,1768207906.120601,10.423420190811157,625,1251,,,I,8,None,1,Correct Rejection,正解(スルー成功),1,alphabet_fixed,./fillerpic/0_day_nocar.png,0_day_nocar.png
S15_8_6,S15,8,6,U,filler,0,model,G:\pictures_verify\transformed_verify\roomBright_figureDark\sun_busy\0_day_sun_busy.jpg,brightness,25.454,contrast,1.16,gamma,1.064,M_8_25_U_filler_0_day_sun_busy_MODEL_brightness25.454_contrast1.160_gamma1.064.jpg,Ignore,2026-01-12T17:51:48.725,1768207908.7259014,13.028720617294312,782,1563,,,U,0,None,1,Correct Rejection,正解(スルー成功),1,alphabet_fixed,./fillerpic/0_day_nocar.png,0_day_nocar.png
S15_8_7,S15,8,7,8,unmatch,3,original,G:\pictures_verify\transformed_verify\roomBright_figureDark\rain_busy\3_day_rain_busy.jpg,,,,,,,M_8_3_8_unmatch_3_day_rain_busy_ORIG.jpg,Mismatch,2026-01-12T17:51:51.349,1768207911.3493803,15.652199506759644,939,1878,2026-01-12T17:51:52.552,1.2033817768096924,8,3,b,1,Correct Rejection,正解(不一致),0,normal_image_name,D:\experiment_images_verify\Bright\S15\8\M_8_3_8_unmatch_3_day_rain_busy_ORIG.jpg,M_8_3_8_unmatch_3_day_rain_busy_ORIG.jpg
S15_8_8,S15,8,8,P,filler,0,brightonly,G:\pictures_verify\transformed_verify\roomBright_figureDark\sun_empty\0_day_sun_empty.jpg,brightness,40.55,,,,,M_8_24_P_filler_0_day_sun_empty_BRIGHTONLY_brightness40.550.jpg,Ignore,2026-01-12T17:51:53.984,1768207913.9845624,18.287381649017334,1097,2194,,,P,0,None,1,Correct Rejection,正解(スルー成功),1,alphabet_fixed,./fillerpic/0_day_nocar.png,0_day_nocar.png
S15_8_9,S15,8,9,S,filler,6,model,G:\pictures_verify\transformed_verify\roomBright_figureDark\rain_busy\6_day_rain_busy.jpg,brightness,23.168,contrast,1.169,gamma,1.078,M_8_18_S_filler_6_day_rain_busy_MODEL_brightness23.168_contrast1.169_gamma1.078.jpg,Ignore,2026-01-12T17:51:56.595,1768207916.5955913,20.89841055870056,1254,2508,,,S,6,None,1,Correct Rejection,正解(スルー成功),1,alphabet_fixed,./fillerpic/0_day_nocar.png,0_day_nocar.png
S15_8_10,S15,8,10,C,filler,3,model,G:\pictures_verify\transformed_verify\roomBright_figureDark\sun_busy\3_day_sun_busy.jpg,brightness,25.454,contrast,1.16,gamma,1.064,M_8_40_C_filler_3_day_sun_busy_MODEL_brightness25.454_contrast1.160_gamma1.064.jpg,Ignore,2026-01-12T17:51:59.197,1768207919.1977756,23.50059485435486,1410,2820,,,C,3,None,1,Correct Rejection,正解(スルー成功),1,alphabet_fixed,./fillerpic/0_day_nocar.png,0_day_nocar.png
S15_8_11,S15,8,11,3,unmatch,8,original,G:\pictures_verify\transformed_verify\roomBright_figureDark\sun_busy\8_day_sun_busy.jpg,,,,,,,M_8_21_3_unmatch_8_day_sun_busy_ORIG.jpg,Mismatch,2026-01-12T17:52:01.799,1768207921.7992249,26.102044105529785,1566,3132,2026-01-12T17:52:03.075,1.2766175270080566,3,8,b,1,Correct Rejection,正解(不一致),0,normal_image_name,D:\experiment_images_verify\Bright\S15\8\M_8_21_3_unmatch_8_day_sun_busy_ORIG.jpg,M_8_21_3_unmatch_8_day_sun_busy_ORIG.jpg
S15_8_12,S15,8,12,E,filler,1,brightonly,G:\pictures_verify\transformed_verify\roomBright_figureDark\sun_empty\1_day_sun_empty.jpg,brightness,40.55,,,,,M_8_11_E_filler_1_day_sun_empty_BRIGHTONLY_brightness40.550.jpg,Ignore,2026-01-12T17:52:04.409,1768207924.4091191,28.71193838119507,1723,3445,,,E,1,None,1,Correct Rejection,正解(スルー成功),1,alphabet_fixed,./fillerpic/0_day_nocar.png,0_day_nocar.png
S15_8_13,S15,8,13,J,filler,8,model,G:\pictures_verify\transformed_verify\roomBright_figureDark\rain_busy\8_day_rain_busy.jpg,brightness,23.168,contrast,1.169,gamma,1.078,M_8_20_J_filler_8_day_rain_busy_MODEL_brightness23.168_contrast1.169_gamma1.078.jpg,Ignore,2026-01-12T17:52:07.014,1768207927.014095,31.316914319992065,1879,3758,,,J,8,None,1,Correct Rejection,正解(スルー成功),1,alphabet_fixed,./fillerpic/0_day_nocar.png,0_day_nocar.png
S15_8_14,S15,8,14,0,match,0,brightonly,G:\pictures_verify\transformed_verify\roomBright_figureDark\sun_busy\0_day_sun_busy.jpg,brightness,45.47,,,,,M_8_9_0_match_0_day_sun_busy_BRIGHTONLY_brightness45.470.jpg,Match,2026-01-12T17:52:09.614,1768207929.614731,33.91755032539368,2035,4070,2026-01-12T17:52:10.866,1.2513773441314697,0,0,t,1,Hit,正解(一致),0,normal_image_name,D:\experiment_images_verify\Bright\S15\8\M_8_9_0_match_0_day_sun_busy_BRIGHTONLY_brightness45.470.jpg,M_8_9_0_match_0_day_sun_busy_BRIGHTONLY_brightness45.470.jpg
S15_8_15,S15,8,15,A,filler,2,original,G:\pictures_verify\transformed_verify\roomBright_figureDark\sun_empty\2_day_sun_empty.jpg,,,,,,,M_8_34_A_filler_2_day_sun_empty_ORIG.jpg,Ignore,2026-01-12T17:52:12.209,1768207932.2095869,36.51240611076355,2191,4381,,,A,2,None,1,Correct Rejection,正解(スルー成功),1,alphabet_fixed,./fillerpic/0_day_nocar.png,0_day_nocar.png
S15_8_16,S15,8,16,9,unmatch,0,brightonly,G:\pictures_verify\transformed_verify\roomBright_figureDark\sun_busy\0_day_sun_busy.jpg,brightness,45.47,,,,,M_8_5_9_unmatch_0_day_sun_busy_BRIGHTONLY_brightness45.470.jpg,Mismatch,2026-01-12T17:52:14.811,1768207934.8116896,39.114508867263794,2347,4694,2026-01-12T17:52:16.267,1.4556159973144531,9,0,b,1,Correct Rejection,正解(不一致),0,normal_image_name,D:\experiment_images_verify\Bright\S15\8\M_8_5_9_unmatch_0_day_sun_busy_BRIGHTONLY_brightness45.470.jpg,M_8_5_9_unmatch_0_day_sun_busy_BRIGHTONLY_brightness45.470.jpg
S15_8_17,S15,8,17,G,filler,2,original,G:\pictures_verify\transformed_verify\roomBright_figureDark\rain_busy\2_day_rain_busy.jpg,,,,,,,M_8_1_G_filler_2_day_rain_busy_ORIG.jpg,Ignore,2026-01-12T17:52:17.416,1768207937.4167206,41.71953988075256,2503,5006,,,G,2,None,1,Correct Rejection,正解(スルー成功),1,alphabet_fixed,./fillerpic/0_day_nocar.png,0_day_nocar.png
S15_8_18,S15,8,18,B,filler,3,original,G:\pictures_verify\transformed_verify\roomBright_figureDark\sun_empty\3_day_sun_empty.jpg,,,,,,,M_8_4_B_filler_3_day_sun_empty_ORIG.jpg,Ignore,2026-01-12T17:52:20.021,1768207940.0218096,44.324628829956055,2659,5319,,,B,3,None,1,Correct Rejection,正解(スルー成功),1,alphabet_fixed,./fillerpic/0_day_nocar.png,0_day_nocar.png
S15_8_19,S15,8,19,Q,filler,2,brightonly,G:\pictures_verify\transformed_verify\roomBright_figureDark\rain_empty\2_day_rain_empty.jpg,brightness,35.62,,,,,M_8_19_Q_filler_2_day_rain_empty_BRIGHTONLY_brightness35.620.jpg,Ignore,2026-01-12T17:52:22.634,1768207942.634869,46.93768835067749,2816,5633,,,Q,2,None,1,Correct Rejection,正解(スルー成功),1,alphabet_fixed,./fillerpic/0_day_nocar.png,0_day_nocar.png
S15_8_20,S15,8,20,F,filler,1,model,G:\pictures_verify\transformed_verify\roomBright_figureDark\rain_empty\1_day_rain_empty.jpg,brightness,22.602,contrast,1.158,gamma,1.045,M_8_15_F_filler_1_day_rain_empty_MODEL_brightness22.602_contrast1.158_gamma1.045.jpg,Ignore,2026-01-12T17:52:25.224,1768207945.224832,49.52765130996704,2972,5943,,,F,1,None,1,Correct Rejection,正解(スルー成功),1,alphabet_fixed,./fillerpic/0_day_nocar.png,0_day_nocar.png
S15_8_21,S15,8,21,6,unmatch,7,model,G:\pictures_verify\transformed_verify\roomBright_figureDark\sun_empty\7_day_sun_empty.jpg,brightness,18.052,contrast,1.163,gamma,1.019,M_8_33_6_unmatch_7_day_sun_empty_MODEL_brightness18.052_contrast1.163_gamma1.019.jpg,Mismatch,2026-01-12T17:52:27.828,1768207947.8282683,52.1310875415802,3128,6256,2026-01-12T17:52:29.146,1.318549394607544,6,7,b,1,Correct Rejection,正解(不一致),0,normal_image_name,D:\experiment_images_verify\Bright\S15\8\M_8_33_6_unmatch_7_day_sun_empty_MODEL_brightness18.052_contrast1.163_gamma1.019.jpg,M_8_33_6_unmatch_7_day_sun_empty_MODEL_brightness18.052_contrast1.163_gamma1.019.jpg
S15_8_22,S15,8,22,I,filler,3,brightonly,G:\pictures_verify\transformed_verify\roomBright_figureDark\sun_busy\3_day_sun_busy.jpg,brightness,45.47,,,,,M_8_44_I_filler_3_day_sun_busy_BRIGHTONLY_brightness45.470.jpg,Ignore,2026-01-12T17:52:30.434,1768207950.4348173,54.73763656616211,3284,6569,,,I,3,None,1,Correct Rejection,正解(スルー成功),1,alphabet_fixed,./fillerpic/0_day_nocar.png,0_day_nocar.png
S15_8_23,S15,8,23,8,match,8,model,G:\pictures_verify\transformed_verify\roomBright_figureDark\sun_empty\8_day_sun_empty.jpg,brightness,18.052,contrast,1.163,gamma,1.019,M_8_46_8_match_8_day_sun_empty_MODEL_brightness18.052_contrast1.163_gamma1.019.jpg,Match,2026-01-12T17:52:33.045,1768207953.0455725,57.34839177131653,3441,6882,2026-01-12T17:52:34.247,1.2020232677459717,8,8,t,1,Hit,正解(一致),0,normal_image_name,D:\experiment_images_verify\Bright\S15\8\M_8_46_8_match_8_day_sun_empty_MODEL_brightness18.052_contrast1.163_gamma1.019.jpg,M_8_46_8_match_8_day_sun_empty_MODEL_brightness18.052_contrast1.163_gamma1.019.jpg
S15_8_24,S15,8,24,A,filler,1,original,G:\pictures_verify\transformed_verify\roomBright_figureDark\sun_busy\1_day_sun_busy.jpg,,,,,,,M_8_7_A_filler_1_day_sun_busy_ORIG.jpg,Ignore,2026-01-12T17:52:35.652,1768207955.6527338,59.95555305480957,3597,7195,,,A,1,None,1,Correct Rejection,正解(スルー成功),1,alphabet_fixed,./fillerpic/0_day_nocar.png,0_day_nocar.png
S15_8_25,S15,8,25,J,filler,1,original,G:\pictures_verify\transformed_verify\roomBright_figureDark\rain_empty\1_day_rain_empty.jpg,,,,,,,M_8_22_J_filler_1_day_rain_empty_ORIG.jpg,Ignore,2026-01-12T17:52:38.284,1768207958.2848566,62.58767580986023,3755,7511,,,J,1,None,1,Correct Rejection,正解(スルー成功),1,alphabet_fixed,./fillerpic/0_day_nocar.png,0_day_nocar.png
S15_8_26,S15,8,26,6,match,6,brightonly,G:\pictures_verify\transformed_verify\roomBright_figureDark\rain_empty\6_day_rain_empty.jpg,brightness,35.62,,,,,M_8_26_6_match_6_day_rain_empty_BRIGHTONLY_brightness35.620.jpg,Match,2026-01-12T17:52:40.898,1768207960.8989604,65.20177960395813,3912,7824,2026-01-12T17:52:42.169,1.2708330154418945,6,6,t,1,Hit,正解(一致),0,normal_image_name,D:\experiment_images_verify\Bright\S15\8\M_8_26_6_match_6_day_rain_empty_BRIGHTONLY_brightness35.620.jpg,M_8_26_6_match_6_day_rain_empty_BRIGHTONLY_brightness35.620.jpg
S15_8_27,S15,8,27,T,filler,9,original,G:\pictures_verify\transformed_verify\roomBright_figureDark\rain_busy\9_day_rain_busy.jpg,,,,,,,M_8_8_T_filler_9_day_rain_busy_ORIG.jpg,Ignore,2026-01-12T17:52:43.505,1768207963.5050917,67.80791091918945,4068,8137,,,T,9,None,1,Correct Rejection,正解(スルー成功),1,alphabet_fixed,./fillerpic/0_day_nocar.png,0_day_nocar.png
S15_8_28,S15,8,28,E,filler,5,brightonly,G:\pictures_verify\transformed_verify\roomBright_figureDark\sun_empty\5_day_sun_empty.jpg,brightness,40.55,,,,,M_8_45_E_filler_5_day_sun_empty_BRIGHTONLY_brightness40.550.jpg,Ignore,2026-01-12T17:52:46.116,1768207966.116193,70.41901230812073,4225,8450,,,E,5,None,1,Correct Rejection,正解(スルー成功),1,alphabet_fixed,./fillerpic/0_day_nocar.png,0_day_nocar.png
S15_8_29,S15,8,29,6,unmatch,0,original,G:\pictures_verify\transformed_verify\roomBright_figureDark\rain_busy\0_day_rain_busy.jpg,,,,,,,M_8_16_6_unmatch_0_day_rain_busy_ORIG.jpg,Mismatch,2026-01-12T17:52:48.712,1768207968.7123652,73.01518440246582,4381,8762,2026-01-12T17:52:50.156,1.4441099166870117,6,0,b,1,Correct Rejection,正解(不一致),0,normal_image_name,D:\experiment_images_verify\Bright\S15\8\M_8_16_6_unmatch_0_day_rain_busy_ORIG.jpg,M_8_16_6_unmatch_0_day_rain_busy_ORIG.jpg
S15_8_30,S15,8,30,R,filler,3,original,G:\pictures_verify\transformed_verify\roomBright_figureDark\sun_busy\3_day_sun_busy.jpg,,,,,,,M_8_27_R_filler_3_day_sun_busy_ORIG.jpg,Ignore,2026-01-12T17:52:51.314,1768207971.3145626,75.61738181114197,4537,9074,,,R,3,None,1,Correct Rejection,正解(スルー成功),1,alphabet_fixed,./fillerpic/0_day_nocar.png,0_day_nocar.png
S15_8_31,S15,8,31,0,match,0,model,G:\pictures_verify\transformed_verify\roomBright_figureDark\rain_busy\0_day_rain_busy.jpg,brightness,23.168,contrast,1.169,gamma,1.078,M_8_23_0_match_0_day_rain_busy_MODEL_brightness23.168_contrast1.169_gamma1.078.jpg,Match,2026-01-12T17:52:53.956,1768207973.9569168,78.25973606109619,4696,9391,2026-01-12T17:52:55.228,1.2712714672088623,0,0,t,1,Hit,正解(一致),0,normal_image_name,D:\experiment_images_verify\Bright\S15\8\M_8_23_0_match_0_day_rain_busy_MODEL_brightness23.168_contrast1.169_gamma1.078.jpg,M_8_23_0_match_0_day_rain_busy_MODEL_brightness23.168_contrast1.169_gamma1.078.jpg
S15_8_32,S15,8,32,A,filler,2,brightonly,G:\pictures_verify\transformed_verify\roomBright_figureDark\rain_empty\2_day_rain_empty.jpg,brightness,35.62,,,,,M_8_2_A_filler_2_day_rain_empty_BRIGHTONLY_brightness35.620.jpg,Ignore,2026-01-12T17:52:56.565,1768207976.565415,80.86823415756226,4852,9704,,,A,2,None,1,Correct Rejection,正解(スルー成功),1,alphabet_fixed,./fillerpic/0_day_nocar.png,0_day_nocar.png
S15_8_33,S15,8,33,3,unmatch,1,model,G:\pictures_verify\transformed_verify\roomBright_figureDark\rain_empty\1_day_rain_empty.jpg,brightness,22.602,contrast,1.158,gamma,1.045,M_8_36_3_unmatch_1_day_rain_empty_MODEL_brightness22.602_contrast1.158_gamma1.045.jpg,Mismatch,2026-01-12T17:52:59.173,1768207979.1736145,83.47643375396729,5009,10017,2026-01-12T17:53:00.539,1.3662018775939941,3,1,b,1,Correct Rejection,正解(不一致),0,normal_image_name,D:\experiment_images_verify\Bright\S15\8\M_8_36_3_unmatch_1_day_rain_empty_MODEL_brightness22.602_contrast1.158_gamma1.045.jpg,M_8_36_3_unmatch_1_day_rain_empty_MODEL_brightness22.602_contrast1.158_gamma1.045.jpg
S15_8_34,S15,8,34,A,filler,5,brightonly,G:\pictures_verify\transformed_verify\roomBright_figureDark\sun_empty\5_day_sun_empty.jpg,brightness,40.55,,,,,M_8_42_A_filler_5_day_sun_empty_BRIGHTONLY_brightness40.550.jpg,Ignore,2026-01-12T17:53:01.789,1768207981.7893283,86.09214758872986,5166,10331,,,A,5,None,1,Correct Rejection,正解(スルー成功),1,alphabet_fixed,./fillerpic/0_day_nocar.png,0_day_nocar.png
S15_8_35,S15,8,35,D,filler,2,model,G:\pictures_verify\transformed_verify\roomBright_figureDark\sun_empty\2_day_sun_empty.jpg,brightness,18.052,contrast,1.163,gamma,1.019,M_8_29_D_filler_2_day_sun_empty_MODEL_brightness18.052_contrast1.163_gamma1.019.jpg,Ignore,2026-01-12T17:53:04.392,1768207984.392961,88.6957802772522,5322,10643,,,D,2,None,1,Correct Rejection,正解(スルー成功),1,alphabet_fixed,./fillerpic/0_day_nocar.png,0_day_nocar.png
S15_8_36,S15,8,36,1,unmatch,4,brightonly,G:\pictures_verify\transformed_verify\roomBright_figureDark\rain_empty\4_day_rain_empty.jpg,brightness,35.62,,,,,M_8_48_1_unmatch_4_day_rain_empty_BRIGHTONLY_brightness35.620.jpg,Mismatch,2026-01-12T17:53:07.009,1768207987.0094135,91.31223273277283,5479,10957,2026-01-12T17:53:08.325,1.316309928894043,1,4,b,1,Correct Rejection,正解(不一致),0,normal_image_name,D:\experiment_images_verify\Bright\S15\8\M_8_48_1_unmatch_4_day_rain_empty_BRIGHTONLY_brightness35.620.jpg,M_8_48_1_unmatch_4_day_rain_empty_BRIGHTONLY_brightness35.620.jpg
S15_8_37,S15,8,37,C,filler,6,model,G:\pictures_verify\transformed_verify\roomBright_figureDark\rain_busy\6_day_rain_busy.jpg,brightness,23.168,contrast,1.169,gamma,1.078,M_8_32_C_filler_6_day_rain_busy_MODEL_brightness23.168_contrast1.169_gamma1.078.jpg,Ignore,2026-01-12T17:53:09.611,1768207989.611432,93.91425132751465,5635,11270,,,C,6,None,1,Correct Rejection,正解(スルー成功),1,alphabet_fixed,./fillerpic/0_day_nocar.png,0_day_nocar.png
S15_8_38,S15,8,38,7,match,7,original,G:\pictures_verify\transformed_verify\roomBright_figureDark\sun_busy\7_day_sun_busy.jpg,,,,,,,M_8_31_7_match_7_day_sun_busy_ORIG.jpg,Match,2026-01-12T17:53:12.238,1768207992.2388105,96.54162979125977,5792,11585,2026-01-12T17:53:13.465,1.2262678146362305,7,7,t,1,Hit,正解(一致),0,normal_image_name,D:\experiment_images_verify\Bright\S15\8\M_8_31_7_match_7_day_sun_busy_ORIG.jpg,M_8_31_7_match_7_day_sun_busy_ORIG.jpg
S15_8_39,S15,8,39,U,filler,6,model,G:\pictures_verify\transformed_verify\roomBright_figureDark\rain_busy\6_day_rain_busy.jpg,brightness,23.168,contrast,1.169,gamma,1.078,M_8_38_U_filler_6_day_rain_busy_MODEL_brightness23.168_contrast1.169_gamma1.078.jpg,Ignore,2026-01-12T17:53:14.840,1768207994.8407445,99.143563747406,5949,11897,,,U,6,None,1,Correct Rejection,正解(スルー成功),1,alphabet_fixed,./fillerpic/0_day_nocar.png,0_day_nocar.png
S15_8_40,S15,8,40,A,filler,0,original,G:\pictures_verify\transformed_verify\roomBright_figureDark\rain_empty\0_day_rain_empty.jpg,,,,,,,M_8_14_A_filler_0_day_rain_empty_ORIG.jpg,Ignore,2026-01-12T17:53:17.461,1768207997.4617114,101.76453065872192,6106,12212,,,A,0,None,1,Correct Rejection,正解(スルー成功),1,alphabet_fixed,./fillerpic/0_day_nocar.png,0_day_nocar.png
S15_8_41,S15,8,41,L,filler,6,model,G:\pictures_verify\transformed_verify\roomBright_figureDark\sun_busy\6_day_sun_busy.jpg,brightness,25.454,contrast,1.16,gamma,1.064,M_8_13_L_filler_6_day_sun_busy_MODEL_brightness25.454_contrast1.160_gamma1.064.jpg,Ignore,2026-01-12T17:53:20.071,1768208000.0712519,104.37407112121582,6262,12525,,,L,6,None,1,Correct Rejection,正解(スルー成功),1,alphabet_fixed,./fillerpic/0_day_nocar.png,0_day_nocar.png
S15_8_42,S15,8,42,J,filler,8,brightonly,G:\pictures_verify\transformed_verify\roomBright_figureDark\sun_empty\8_day_sun_empty.jpg,brightness,40.55,,,,,M_8_17_J_filler_8_day_sun_empty_BRIGHTONLY_brightness40.550.jpg,Ignore,2026-01-12T17:53:22.674,1768208002.674442,106.97726130485535,6419,12837,,,J,8,None,1,Correct Rejection,正解(スルー成功),1,alphabet_fixed,./fillerpic/0_day_nocar.png,0_day_nocar.png
S15_8_43,S15,8,43,2,unmatch,4,model,G:\pictures_verify\transformed_verify\roomBright_figureDark\sun_empty\4_day_sun_empty.jpg,brightness,18.052,contrast,1.163,gamma,1.019,M_8_12_2_unmatch_4_day_sun_empty_MODEL_brightness18.052_contrast1.163_gamma1.019.jpg,Mismatch,2026-01-12T17:53:25.274,1768208005.2744513,109.5772705078125,6575,13149,2026-01-12T17:53:26.624,1.3501818180084229,2,4,b,1,Correct Rejection,正解(不一致),0,normal_image_name,D:\experiment_images_verify\Bright\S15\8\M_8_12_2_unmatch_4_day_sun_empty_MODEL_brightness18.052_contrast1.163_gamma1.019.jpg,M_8_12_2_unmatch_4_day_sun_empty_MODEL_brightness18.052_contrast1.163_gamma1.019.jpg
S15_8_44,S15,8,44,A,filler,7,original,G:\pictures_verify\transformed_verify\roomBright_figureDark\rain_busy\7_day_rain_busy.jpg,,,,,,,M_8_10_A_filler_7_day_rain_busy_ORIG.jpg,Ignore,2026-01-12T17:53:27.897,1768208007.8976357,112.20045495033264,6732,13464,,,A,7,None,1,Correct Rejection,正解(スルー成功),1,alphabet_fixed,./fillerpic/0_day_nocar.png,0_day_nocar.png
S15_8_45,S15,8,45,7,match,7,model,G:\pictures_verify\transformed_verify\roomBright_figureDark\sun_empty\7_day_sun_empty.jpg,brightness,18.052,contrast,1.163,gamma,1.019,M_8_43_7_match_7_day_sun_empty_MODEL_brightness18.052_contrast1.163_gamma1.019.jpg,Match,2026-01-12T17:53:30.509,1768208010.5095236,114.81234288215637,6889,13777,2026-01-12T17:53:31.874,1.3648602962493896,7,7,t,1,Hit,正解(一致),0,normal_image_name,D:\experiment_images_verify\Bright\S15\8\M_8_43_7_match_7_day_sun_empty_MODEL_brightness18.052_contrast1.163_gamma1.019.jpg,M_8_43_7_match_7_day_sun_empty_MODEL_brightness18.052_contrast1.163_gamma1.019.jpg
S15_8_46,S15,8,46,R,filler,4,brightonly,G:\pictures_verify\transformed_verify\roomBright_figureDark\rain_empty\4_day_rain_empty.jpg,brightness,35.62,,,,,M_8_6_R_filler_4_day_rain_empty_BRIGHTONLY_brightness35.620.jpg,Ignore,2026-01-12T17:53:33.130,1768208013.1309843,117.43380355834961,7046,14092,,,R,4,None,1,Correct Rejection,正解(スルー成功),1,alphabet_fixed,./fillerpic/0_day_nocar.png,0_day_nocar.png
S15_8_47,S15,8,47,G,filler,6,original,G:\pictures_verify\transformed_verify\roomBright_figureDark\rain_empty\6_day_rain_empty.jpg,,,,,,,M_8_30_G_filler_6_day_rain_empty_ORIG.jpg,Ignore,2026-01-12T17:53:35.744,1768208015.7443352,120.0471544265747,7203,14406,,,G,6,None,1,Correct Rejection,正解(スルー成功),1,alphabet_fixed,./fillerpic/0_day_nocar.png,0_day_nocar.png
S15_8_48,S15,8,48,4,match,4,original,G:\pictures_verify\transformed_verify\roomBright_figureDark\rain_busy\4_day_rain_busy.jpg,,,,,,,M_8_28_4_match_4_day_rain_busy_ORIG.jpg,Match,2026-01-12T17:53:38.354,1768208018.3547032,122.65752243995667,7359,14719,2026-01-12T17:53:39.864,1.5101392269134521,4,4,t,1,Hit,正解(一致),0,normal_image_name,D:\experiment_images_verify\Bright\S15\8\M_8_28_4_match_4_day_rain_busy_ORIG.jpg,M_8_28_4_match_4_day_rain_busy_ORIG.jpg
