trial_id,folder_name,file_name,task_num,filename,param1,param1_value,param2,param2_value,param3,param3_value,status,front_char,back_char,image_name,final_status,Display_Timestamp,Elapsed_From_First_Display_s,Frame_60fps,Frame_120fps,Key_Timestamp,Reaction_Time,Front_Char,Back_Char,User_Key,Accuracy,Result_Type,Judgment
108_0_1,108,0,1,F:\pictures_verify\transformed_verify\roomDark_figureBright\9_light.png,brightness,-38.0,gamma,0.573,equalization,1.993,Mismatch,3,9,Master_0_46_3_9_light_brightness-38_gamma0.573_equalization1.993.jpg,Mismatch,2025-12-22T22:47:00.680,0.0,0,0,,,3,9,None,0,Omission,無反応(不正解)
108_0_2,108,0,2,F:\pictures_verify\transformed_verify\roomDark_figureBright\5_light.png,equalization,1.832,sharpness,1.759,gamma,1.669,Ignore,I,5,Master_0_18_I_5_light_equalization1.832_sharpness1.759_gamma1.669.jpg,Ignore,2025-12-22T22:47:03.195,2.514794111251831,151,302,,,I,5,None,1,Correct Rejection,正解(スルー成功)
108_0_3,108,0,3,F:\pictures_verify\transformed_verify\roomDark_figureBright\4_tunnel.png,blur,4.0,contrast,1.097,sharpness,1.679,Ignore,A,4,Master_0_35_A_4_tunnel_blur4_contrast1.097_sharpness1.679.jpg,Ignore,2025-12-22T22:47:05.691,5.010375738143921,301,601,,,A,4,None,1,Correct Rejection,正解(スルー成功)
108_0_4,108,0,4,F:\pictures_verify\transformed_verify\roomDark_figureBright\5_tanto.png,brightness,0.0,sharpness,0.993,gamma,1.413,Ignore,A,5,Master_0_47_A_5_tanto_brightness0_sharpness0.993_gamma1.413.jpg,Ignore,2025-12-22T22:47:08.189,7.508513927459717,451,901,2025-12-22 22:47:09.972897,1.78365159034729,A,5,b,0,False Alarm,お手つき(スルー失敗)
108_0_5,108,0,5,F:\pictures_verify\transformed_verify\roomDark_figureBright\1_city.png,contrast,1.053,blur,4.0,gamma,0.718,Match,1,1,Master_0_17_1_1_city_contrast1.053_blur4_gamma0.718.jpg,Match,2025-12-22T22:47:10.680,9.999742269515991,600,1200,2025-12-22 22:47:11.566388,0.8859138488769531,1,1,b,0,Miss,ミス(見逃し)
108_0_6,108,0,6,F:\pictures_verify\transformed_verify\roomDark_figureBright\9_tunnel.png,brightness,-3.0,contrast,0.967,gamma,1.46,Ignore,F,9,Master_0_43_F_9_tunnel_brightness-3_contrast0.967_gamma1.46.jpg,Ignore,2025-12-22T22:47:13.208,12.527771711349487,752,1503,2025-12-22 22:47:14.415560,1.207056999206543,F,9,t,0,False Alarm,お手つき(スルー失敗)
108_0_7,108,0,7,F:\pictures_verify\transformed_verify\roomDark_figureBright\0_tunnel.png,contrast,0.841,equalization,3.652,gamma,1.533,Match,0,0,Master_0_21_0_0_tunnel_contrast0.841_equalization3.652_gamma1.533.jpg,Match,2025-12-22T22:47:15.693,15.013144969940186,901,1802,2025-12-22 22:47:17.345095,1.6512176990509033,0,0,b,0,Miss,ミス(見逃し)
108_0_8,108,0,8,F:\pictures_verify\transformed_verify\roomDark_figureBright\9_light.png,gamma,1.744,blur,4.0,sharpness,1.816,Ignore,J,9,Master_0_33_J_9_light_gamma1.744_blur4_sharpness1.816.jpg,Ignore,2025-12-22T22:47:18.181,17.500320196151733,1050,2100,2025-12-22 22:47:19.321950,1.1408984661102295,J,9,t,0,False Alarm,お手つき(スルー失敗)
108_0_9,108,0,9,F:\pictures_verify\transformed_verify\roomDark_figureBright\5_tanto.png,gamma,1.739,equalization,1.961,brightness,-48.0,Ignore,U,5,Master_0_29_U_5_tanto_gamma1.739_equalization1.961_brightness-48.jpg,Ignore,2025-12-22T22:47:20.683,20.003241062164307,1200,2400,2025-12-22 22:47:21.915751,1.2317783832550049,U,5,b,0,False Alarm,お手つき(スルー失敗)
108_0_10,108,0,10,F:\pictures_verify\transformed_verify\roomDark_figureBright\2_light.png,contrast,1.416,sharpness,1.066,blur,3.0,Match,2,2,Master_0_28_2_2_light_contrast1.416_sharpness1.066_blur3.jpg,Match,2025-12-22T22:47:23.189,22.5082950592041,1350,2701,,,2,2,None,0,Omission,無反応(不正解)
108_0_11,108,0,11,F:\pictures_verify\transformed_verify\roomDark_figureBright\2_city.png,gamma,1.686,brightness,-43.0,blur,1.0,Ignore,J,2,Master_0_1_J_2_city_gamma1.686_brightness-43_blur1.jpg,Ignore,2025-12-22T22:47:25.675,24.994767665863037,1500,2999,2025-12-22 22:47:26.040729,0.36522960662841797,J,2,t,0,False Alarm,お手つき(スルー失敗)
108_0_12,108,0,12,F:\pictures_verify\transformed_verify\roomDark_figureBright\7_tunnel.png,brightness,-11.0,equalization,1.954,sharpness,0.102,Mismatch,4,7,Master_0_38_4_7_tunnel_brightness-11_equalization1.954_sharpness0.102.jpg,Mismatch,2025-12-22T22:47:28.182,27.501657247543335,1650,3300,2025-12-22 22:47:28.948567,0.7661776542663574,4,7,b,1,Correct Rejection,正解(不一致)
108_0_13,108,0,13,F:\pictures_verify\transformed_verify\roomDark_figureBright\5_tunnel.png,contrast,1.194,blur,1.0,brightness,44.0,Ignore,F,5,Master_0_8_F_5_tunnel_contrast1.194_blur1_brightness44.jpg,Ignore,2025-12-22T22:47:30.683,30.002365589141846,1800,3600,2025-12-22 22:47:31.228884,0.5457868576049805,F,5,b,0,False Alarm,お手つき(スルー失敗)
108_0_14,108,0,14,F:\pictures_verify\transformed_verify\roomDark_figureBright\9_city.png,sharpness,1.93,gamma,0.747,brightness,46.0,Mismatch,0,9,Master_0_6_0_9_city_sharpness1.93_gamma0.747_brightness46.jpg,Mismatch,2025-12-22T22:47:33.205,32.52479267120361,1951,3903,2025-12-22 22:47:33.850474,0.6449496746063232,0,9,t,0,False Alarm,お手つき(誤反応)
108_0_15,108,0,15,F:\pictures_verify\transformed_verify\roomDark_figureBright\1_tunnel.png,equalization,3.893,gamma,1.418,sharpness,0.471,Ignore,B,1,Master_0_14_B_1_tunnel_equalization3.893_gamma1.418_sharpness0.471.jpg,Ignore,2025-12-22T22:47:35.683,35.002920150756836,2100,4200,2025-12-22 22:47:36.400245,0.7165927886962891,B,1,b,0,False Alarm,お手つき(スルー失敗)
108_0_16,108,0,16,F:\pictures_verify\transformed_verify\roomDark_figureBright\3_city.png,gamma,1.725,sharpness,1.631,equalization,1.159,Ignore,Q,3,Master_0_39_Q_3_city_gamma1.725_sharpness1.631_equalization1.159.jpg,Ignore,2025-12-22T22:47:38.181,37.501266956329346,2250,4500,2025-12-22 22:47:39.221895,1.0398964881896973,Q,3,t,0,False Alarm,お手つき(スルー失敗)
108_0_17,108,0,17,F:\pictures_verify\transformed_verify\roomDark_figureBright\4_city.png,blur,2.0,sharpness,0.405,contrast,0.559,Match,4,4,Master_0_2_4_4_city_blur2_sharpness0.405_contrast0.559.jpg,Match,2025-12-22T22:47:40.683,40.002591133117676,2400,4800,2025-12-22 22:47:41.126364,0.4430413246154785,4,4,t,1,Hit,正解(一致)
108_0_18,108,0,18,F:\pictures_verify\transformed_verify\roomDark_figureBright\4_tunnel.png,blur,4.0,brightness,-49.0,equalization,1.322,Ignore,I,4,Master_0_48_I_4_tunnel_blur4_brightness-49_equalization1.322.jpg,Ignore,2025-12-22T22:47:43.198,42.51781487464905,2551,5102,2025-12-22 22:47:43.680741,0.482194185256958,I,4,b,0,False Alarm,お手つき(スルー失敗)
108_0_19,108,0,19,F:\pictures_verify\transformed_verify\roomDark_figureBright\2_light.png,contrast,0.869,sharpness,0.237,blur,2.0,Ignore,F,2,Master_0_16_F_2_light_contrast0.869_sharpness0.237_blur2.jpg,Ignore,2025-12-22T22:47:45.701,45.02052927017212,2701,5402,2025-12-22 22:47:46.268327,0.5670661926269531,F,2,b,0,False Alarm,お手つき(スルー失敗)
108_0_20,108,0,20,F:\pictures_verify\transformed_verify\roomDark_figureBright\7_city.png,blur,5.0,brightness,-27.0,sharpness,1.923,Match,7,7,Master_0_40_7_7_city_blur5_brightness-27_sharpness1.923.jpg,Match,2025-12-22T22:47:48.186,47.50551652908325,2850,5701,2025-12-22 22:47:49.083060,0.8968119621276855,7,7,b,0,Miss,ミス(見逃し)
108_0_21,108,0,21,F:\pictures_verify\transformed_verify\roomDark_figureBright\3_city.png,equalization,1.355,blur,3.0,contrast,1.007,Ignore,J,3,Master_0_23_J_3_city_equalization1.355_blur3_contrast1.007.jpg,Ignore,2025-12-22T22:47:50.686,50.006227254867554,3000,6001,2025-12-22 22:47:51.269849,0.5828902721405029,J,3,t,0,False Alarm,お手つき(スルー失敗)
108_0_22,108,0,22,F:\pictures_verify\transformed_verify\roomDark_figureBright\7_city.png,brightness,-12.0,gamma,1.772,sharpness,0.524,Mismatch,3,7,Master_0_42_3_7_city_brightness-12_gamma1.772_sharpness0.524.jpg,Mismatch,2025-12-22T22:47:53.189,52.509050369262695,3151,6301,2025-12-22 22:47:54.020746,0.8309643268585205,3,7,b,1,Correct Rejection,正解(不一致)
108_0_23,108,0,23,F:\pictures_verify\transformed_verify\roomDark_figureBright\1_tunnel.png,brightness,38.0,sharpness,1.71,contrast,1.061,Ignore,R,1,Master_0_41_R_1_tunnel_brightness38_sharpness1.71_contrast1.061.jpg,Ignore,2025-12-22T22:47:55.698,55.017550468444824,3301,6602,2025-12-22 22:47:56.163085,0.46480274200439453,R,1,t,0,False Alarm,お手つき(スルー失敗)
108_0_24,108,0,24,F:\pictures_verify\transformed_verify\roomDark_figureBright\7_tunnel.png,brightness,-15.0,blur,4.0,equalization,3.287,Ignore,R,7,Master_0_31_R_7_tunnel_brightness-15_blur4_equalization3.287.jpg,Ignore,2025-12-22T22:47:58.187,57.50702452659607,3450,6901,,,R,7,None,1,Correct Rejection,正解(スルー成功)
108_0_25,108,0,25,F:\pictures_verify\transformed_verify\roomDark_figureBright\2_tanto.png,equalization,2.859,contrast,0.843,gamma,1.562,Ignore,S,2,Master_0_7_S_2_tanto_equalization2.859_contrast0.843_gamma1.562.jpg,Ignore,2025-12-22T22:48:00.713,60.03276491165161,3602,7204,,,S,2,None,1,Correct Rejection,正解(スルー成功)
108_0_26,108,0,26,F:\pictures_verify\transformed_verify\roomDark_figureBright\3_tunnel.png,equalization,2.497,blur,5.0,brightness,-8.0,Match,3,3,Master_0_4_3_3_tunnel_equalization2.497_blur5_brightness-8.jpg,Match,2025-12-22T22:48:03.174,62.494197845458984,3750,7499,2025-12-22 22:48:04.101020,0.9260902404785156,3,3,b,0,Miss,ミス(見逃し)
108_0_27,108,0,27,F:\pictures_verify\transformed_verify\roomDark_figureBright\0_light.png,contrast,1.404,brightness,-46.0,blur,2.0,Ignore,T,0,Master_0_9_T_0_light_contrast1.404_brightness-46_blur2.jpg,Ignore,2025-12-22T22:48:05.673,64.99238300323486,3900,7799,2025-12-22 22:48:06.939796,1.266681432723999,T,0,t,0,False Alarm,お手つき(スルー失敗)
108_0_28,108,0,28,F:\pictures_verify\transformed_verify\roomDark_figureBright\8_tunnel.png,gamma,1.608,equalization,2.269,brightness,-9.0,Mismatch,7,8,Master_0_24_7_8_tunnel_gamma1.608_equalization2.269_brightness-9.jpg,Mismatch,2025-12-22T22:48:08.182,67.50132012367249,4050,8100,2025-12-22 22:48:09.242378,1.060326099395752,7,8,b,1,Correct Rejection,正解(不一致)
108_0_29,108,0,29,F:\pictures_verify\transformed_verify\roomDark_figureBright\7_tanto.png,blur,3.0,equalization,3.358,contrast,0.69,Ignore,T,7,Master_0_45_T_7_tanto_blur3_equalization3.358_contrast0.69.jpg,Ignore,2025-12-22T22:48:10.683,70.00247597694397,4200,8400,2025-12-22 22:48:11.901642,1.2184345722198486,T,7,t,0,False Alarm,お手つき(スルー失敗)
108_0_30,108,0,30,F:\pictures_verify\transformed_verify\roomDark_figureBright\0_city.png,equalization,2.089,blur,4.0,brightness,14.0,Ignore,A,0,Master_0_22_A_0_city_equalization2.089_blur4_brightness14.jpg,Ignore,2025-12-22T22:48:13.176,72.4957046508789,4350,8699,2025-12-22 22:48:14.302721,1.126284122467041,A,0,b,0,False Alarm,お手つき(スルー失敗)
108_0_31,108,0,31,F:\pictures_verify\transformed_verify\roomDark_figureBright\8_city.png,sharpness,0.617,brightness,24.0,blur,1.0,Match,8,8,Master_0_44_8_8_city_sharpness0.617_brightness24_blur1.jpg,Match,2025-12-22T22:48:15.695,75.01457095146179,4501,9002,2025-12-22 22:48:16.440869,0.7455661296844482,8,8,t,1,Hit,正解(一致)
108_0_32,108,0,32,F:\pictures_verify\transformed_verify\roomDark_figureBright\3_tunnel.png,blur,5.0,equalization,3.804,gamma,0.815,Ignore,B,3,Master_0_30_B_3_tunnel_blur5_equalization3.804_gamma0.815.jpg,Ignore,2025-12-22T22:48:18.190,77.5095694065094,4651,9301,2025-12-22 22:48:18.659025,0.46872425079345703,B,3,b,0,False Alarm,お手つき(スルー失敗)
108_0_33,108,0,33,F:\pictures_verify\transformed_verify\roomDark_figureBright\2_tanto.png,gamma,1.487,sharpness,1.102,blur,1.0,Ignore,F,2,Master_0_27_F_2_tanto_gamma1.487_sharpness1.102_blur1.jpg,Ignore,2025-12-22T22:48:20.681,80.00124311447144,4800,9600,2025-12-22 22:48:21.374052,0.6920769214630127,F,2,b,0,False Alarm,お手つき(スルー失敗)
108_0_34,108,0,34,F:\pictures_verify\transformed_verify\roomDark_figureBright\0_tanto.png,gamma,1.519,sharpness,0.677,blur,2.0,Ignore,L,0,Master_0_25_L_0_tanto_gamma1.519_sharpness0.677_blur2.jpg,Ignore,2025-12-22T22:48:23.183,82.50290846824646,4950,9900,2025-12-22 22:48:24.321701,1.1380605697631836,L,0,b,0,False Alarm,お手つき(スルー失敗)
108_0_35,108,0,35,F:\pictures_verify\transformed_verify\roomDark_figureBright\4_tanto.png,blur,1.0,gamma,1.098,equalization,1.114,Ignore,J,4,Master_0_37_J_4_tanto_blur1_gamma1.098_equalization1.114.jpg,Ignore,2025-12-22T22:48:25.696,85.01608610153198,5101,10202,2025-12-22 22:48:26.242559,0.5457413196563721,J,4,t,0,False Alarm,お手つき(スルー失敗)
108_0_36,108,0,36,F:\pictures_verify\transformed_verify\roomDark_figureBright\0_light.png,gamma,1.473,blur,1.0,contrast,0.831,Ignore,Q,0,Master_0_20_Q_0_light_gamma1.473_blur1_contrast0.831.jpg,Ignore,2025-12-22T22:48:28.179,87.49898672103882,5250,10500,2025-12-22 22:48:28.853546,0.6738274097442627,Q,0,b,0,False Alarm,お手つき(スルー失敗)
108_0_37,108,0,37,F:\pictures_verify\transformed_verify\roomDark_figureBright\1_city.png,blur,2.0,brightness,-17.0,sharpness,1.264,Mismatch,7,1,Master_0_36_7_1_city_blur2_brightness-17_sharpness1.264.jpg,Mismatch,2025-12-22T22:48:30.688,90.00741076469421,5400,10801,2025-12-22 22:48:31.389217,0.7010741233825684,7,1,t,0,False Alarm,お手つき(誤反応)
108_0_38,108,0,38,F:\pictures_verify\transformed_verify\roomDark_figureBright\3_city.png,blur,5.0,gamma,1.649,equalization,1.659,Ignore,P,3,Master_0_19_P_3_city_blur5_gamma1.649_equalization1.659.jpg,Ignore,2025-12-22T22:48:33.191,92.51060032844543,5551,11101,,,P,3,None,1,Correct Rejection,正解(スルー成功)
108_0_39,108,0,39,F:\pictures_verify\transformed_verify\roomDark_figureBright\3_tanto.png,blur,2.0,contrast,1.383,sharpness,1.759,Ignore,T,3,Master_0_11_T_3_tanto_blur2_contrast1.383_sharpness1.759.jpg,Ignore,2025-12-22T22:48:35.684,95.00383830070496,5700,11400,,,T,3,None,1,Correct Rejection,正解(スルー成功)
108_0_40,108,0,40,F:\pictures_verify\transformed_verify\roomDark_figureBright\4_tanto.png,brightness,19.0,equalization,2.297,sharpness,1.057,Mismatch,6,4,Master_0_26_6_4_tanto_brightness19_equalization2.297_sharpness1.057.jpg,Mismatch,2025-12-22T22:48:38.193,97.51229095458984,5851,11701,2025-12-22 22:48:38.534569,0.34154677391052246,6,4,b,1,Correct Rejection,正解(不一致)
108_0_41,108,0,41,F:\pictures_verify\transformed_verify\roomDark_figureBright\8_tunnel.png,blur,5.0,sharpness,1.338,brightness,13.0,Ignore,J,8,Master_0_10_J_8_tunnel_blur5_sharpness1.338_brightness13.jpg,Ignore,2025-12-22T22:48:40.680,100.00002646446228,6000,12000,2025-12-22 22:48:41.923043,1.2422842979431152,J,8,t,0,False Alarm,お手つき(スルー失敗)
108_0_42,108,0,42,F:\pictures_verify\transformed_verify\roomDark_figureBright\2_light.png,sharpness,0.378,blur,1.0,equalization,3.618,Match,2,2,Master_0_12_2_2_light_sharpness0.378_blur1_equalization3.618.jpg,Match,2025-12-22T22:48:43.178,102.49750304222107,6150,12300,2025-12-22 22:48:44.337568,1.1593329906463623,2,2,b,0,Miss,ミス(見逃し)
108_0_43,108,0,43,F:\pictures_verify\transformed_verify\roomDark_figureBright\4_light.png,contrast,0.908,equalization,1.036,blur,5.0,Ignore,U,4,Master_0_13_U_4_light_contrast0.908_equalization1.036_blur5.jpg,Ignore,2025-12-22T22:48:45.678,104.99741864204407,6300,12600,2025-12-22 22:48:47.481869,1.803718090057373,U,4,b,0,False Alarm,お手つき(スルー失敗)
108_0_44,108,0,44,F:\pictures_verify\transformed_verify\roomDark_figureBright\5_tunnel.png,equalization,2.983,gamma,1.246,blur,2.0,Ignore,J,5,Master_0_5_J_5_tunnel_equalization2.983_gamma1.246_blur2.jpg,Ignore,2025-12-22T22:48:48.204,107.52421450614929,6451,12903,2025-12-22 22:48:50.087614,1.8826673030853271,J,5,t,0,False Alarm,お手つき(スルー失敗)
108_0_45,108,0,45,F:\pictures_verify\transformed_verify\roomDark_figureBright\1_tanto.png,equalization,2.393,gamma,1.654,sharpness,1.959,Mismatch,0,1,Master_0_32_0_1_tanto_equalization2.393_gamma1.654_sharpness1.959.jpg,Mismatch,2025-12-22T22:48:50.682,110.00182509422302,6600,13200,2025-12-22 22:48:52.030333,1.3477764129638672,0,1,b,1,Correct Rejection,正解(不一致)
108_0_46,108,0,46,F:\pictures_verify\transformed_verify\roomDark_figureBright\5_light.png,brightness,9.0,gamma,1.103,blur,4.0,Ignore,S,5,Master_0_15_S_5_light_brightness9_gamma1.103_blur4.jpg,Ignore,2025-12-22T22:48:53.186,112.5055525302887,6750,13501,,,S,5,None,1,Correct Rejection,正解(スルー成功)
108_0_47,108,0,47,F:\pictures_verify\transformed_verify\roomDark_figureBright\7_tanto.png,equalization,3.864,contrast,0.88,sharpness,0.081,Ignore,G,7,Master_0_3_G_7_tanto_equalization3.864_contrast0.88_sharpness0.081.jpg,Ignore,2025-12-22T22:48:55.692,115.01210379600525,6901,13801,,,G,7,None,1,Correct Rejection,正解(スルー成功)
108_0_48,108,0,48,F:\pictures_verify\transformed_verify\roomDark_figureBright\5_tunnel.png,contrast,0.811,sharpness,0.369,blur,2.0,Ignore,C,5,Master_0_34_C_5_tunnel_contrast0.811_sharpness0.369_blur2.jpg,Ignore,2025-12-22T22:48:58.184,117.50344920158386,7050,14100,2025-12-22 22:48:58.786799,0.6026177406311035,C,5,t,0,False Alarm,お手つき(スルー失敗)
