,df_1,df_2,df_3,df_4
0,1.3252959251403809,1.6685497760772705,1.3170843124389648,1.2501375675201416
1,1.3507893085479736,1.2748172283172607,1.3554158210754397,1.1133370399475098
2,1.3533604145050049,1.9522647857666016,1.3900949954986572,1.209205150604248
3,1.2067723274230957,1.6324660778045654,1.2504169940948486,1.250356674194336
4,1.78519606590271,1.434478998184204,1.2070984840393066,1.2111728191375732
5,1.5738656520843506,1.3447279930114746,1.0909512042999268,1.1770405769348145
6,1.4281585216522217,1.7050387859344482,1.4169540405273438,1.3477497100830078
7,1.0754761695861816,1.254995822906494,1.3188328742980957,1.172196388244629
8,1.2502789497375488,1.38171648979187,1.4799244403839111,2.068888902664185
9,1.5131571292877195,2.0477755069732666,1.2731192111968994,1.3934674263000488
10,1.2722649574279783,1.297435283660889,1.374767541885376,1.1779043674468994
11,1.3484444618225098,1.4772999286651611,1.2221803665161133,1.378659725189209
12,1.513892650604248,1.2295827865600586,1.1538286209106443,1.62969970703125
13,1.7608768939971924,1.1785099506378174,1.148288011550903,1.6468720436096191
14,1.4038958549499512,1.338630199432373,1.1602704524993896,1.3651468753814695
15,1.615978479385376,1.0066297054290771,1.665112018585205,1.421802282333374
16,1.3592298030853271,1.2974834442138672,1.1310889720916748,1.9586727619171145
17,1.2336812019348145,1.1610679626464844,1.5162370204925537,1.3312649726867676
18,1.6665713787078855,1.3628687858581543,1.3147423267364502,1.4251246452331543
19,1.1345319747924805,1.2674403190612793,1.270616054534912,1.8654439449310305
20,1.7255868911743164,1.3258466720581057,1.034381866455078,1.334165096282959
21,1.336512804031372,1.1424639225006104,1.230414867401123,1.3346776962280271
22,1.4677722454071045,1.3688364028930664,1.2260370254516602,1.337484359741211
23,1.227916240692139,1.1337945461273191,1.19511079788208,1.3472318649291992
24,1.277065992355347,1.178262710571289,1.5638935565948486,1.2842750549316406
25,1.6103227138519287,1.0648040771484375,1.367849349975586,1.1815416812896729
26,1.5403132438659668,1.2047438621520996,1.1775567531585691,1.2316949367523191
27,1.2499701976776123,1.2595622539520264,1.0553832054138184,0.9880516529083252
28,1.1753387451171875,1.2537715435028076,1.358321189880371,1.177734375
29,1.1219635009765625,1.296051263809204,1.085700273513794,1.7884032726287842
30,1.1112661361694336,1.2031710147857666,1.284534931182861,1.115825891494751
31,1.5187249183654783,1.1168229579925537,1.4376122951507568,1.0711233615875244
32,,1.1406817436218262,1.4869234561920166,0.9551081657409668
33,,1.1370818614959717,1.537282943725586,1.37166166305542
34,,1.1616122722625732,1.511526346206665,1.326880693435669
35,,1.247046947479248,1.4167828559875488,1.2366459369659424
36,,1.2755277156829834,1.5264952182769775,1.3339924812316897
37,,1.13153076171875,1.3376805782318115,1.2961642742156982
38,,1.2028818130493164,1.208543062210083,1.348116159439087
39,,1.3688111305236816,1.3735575675964355,1.4048168659210205
40,,1.2337305545806885,1.356025457382202,1.4126687049865725
41,,1.0944416522979736,1.6064400672912598,1.2057998180389404
42,,1.20438551902771,1.832414150238037,1.173475742340088
43,,1.0958614349365234,1.6481554508209229,1.9459903240203853
44,,1.2196588516235352,1.2737822532653809,1.483224391937256
45,,1.4313404560089111,1.4476439952850342,1.540219783782959
46,,1.3342044353485107,1.2784135341644287,2.150853157043457
47,,1.4606938362121582,1.501802921295166,1.4867630004882812
48,,1.233865737915039,1.3860502243041992,1.338789463043213
49,,1.288438081741333,1.256286382675171,1.2425298690795898
50,,1.3343408107757568,1.2870919704437256,1.2881832122802734
51,,1.3471899032592771,1.3035542964935305,1.3089087009429932
52,,1.333505630493164,1.2090177536010742,1.378756761550903
53,,1.5522949695587158,1.2802870273590088,2.1488687992095947
54,,1.288503646850586,1.2364630699157717,1.576380729675293
55,,1.4239826202392578,1.2262725830078125,1.963979721069336
56,,1.6520893573760986,1.630817413330078,1.587665557861328
57,,1.3394296169281006,1.6187074184417725,1.3118627071380615
58,,1.1936910152435305,1.1705427169799805,1.5458557605743408
59,,1.290856122970581,1.3660178184509275,1.52008318901062
60,,1.271493911743164,1.274568796157837,1.4168589115142822
61,,1.1781413555145264,1.1682512760162354,1.5299367904663086
62,,1.3534762859344482,1.2573716640472412,
63,,1.158616304397583,1.1022844314575195,
64,,1.1981844902038574,1.198925256729126,
65,,1.253955364227295,1.24104905128479,
66,,1.268911838531494,1.6936070919036863,
67,,1.1487348079681396,1.299140453338623,
68,,1.1704015731811523,1.1867268085479736,
69,,1.2441282272338867,1.0652730464935305,
70,,1.4003825187683103,1.177237033843994,
71,,1.8055663108825684,1.2068028450012207,
72,,1.4437334537506104,1.0974936485290527,
73,,1.5111639499664309,1.003854274749756,
74,,1.5033469200134275,1.237647294998169,
75,,1.729413986206055,1.316296100616455,
76,,1.5487020015716553,1.085369348526001,
77,,1.4612817764282229,1.1237235069274902,
78,,1.466937780380249,1.3958137035369873,
79,,1.2101733684539795,0.9865942001342772,
80,,1.1995174884796145,0.9054076671600342,
81,,1.2879846096038818,1.0170555114746094,
82,,1.3154613971710205,1.2406377792358398,
83,,1.1606760025024414,1.2077741622924805,
84,,1.2713088989257812,1.17645263671875,
85,,1.0212421417236328,1.1447927951812744,
86,,1.220651626586914,1.030411958694458,
87,,1.1932103633880615,1.1891469955444336,
88,,1.2356069087982178,1.127882719039917,
89,,1.1313776969909668,1.1622402667999268,
90,,1.2065637111663818,1.6775946617126465,
91,,1.336601972579956,1.4886281490325928,
92,,1.0123236179351809,1.2947607040405271,
93,,2.11545991897583,1.3020453453063965,
94,,1.3203670978546145,1.0652649402618408,
95,,1.242903232574463,1.0761940479278564,
96,,1.112346887588501,1.049337387084961,
97,,1.0793371200561523,1.2626588344573977,
98,,1.2671597003936768,1.1581802368164062,
99,,0.8585429191589355,1.2877473831176758,
100,,1.2728271484375,1.224947452545166,
101,,1.096996545791626,1.2216875553131104,
102,,1.4011330604553225,1.081878900527954,
103,,1.1397221088409424,1.7225306034088137,
104,,1.238664627075195,1.3973205089569092,
105,,1.1915833950042725,1.2507469654083252,
106,,1.287663221359253,1.2133581638336182,
107,,1.2538232803344729,1.1877753734588623,
108,,1.270019292831421,1.350356101989746,
109,,1.048466682434082,1.0581386089324951,
110,,1.347541093826294,1.3859200477600098,
111,,1.1606919765472412,1.2247402667999268,
112,,1.2241408824920654,1.2563390731811523,
113,,1.2103891372680664,1.1738958358764648,
114,,1.1909124851226809,1.2864909172058103,
115,,1.0800676345825195,1.1411819458007812,
116,,1.7415103912353516,1.1128740310668943,
117,,1.018913745880127,1.1413357257843018,
118,,1.2368319034576416,1.3234503269195557,
119,,1.1868276596069336,1.3072617053985596,
120,,1.1279773712158203,1.0982677936553955,
121,,1.3152568340301514,1.250678300857544,
122,,1.22357177734375,1.1570446491241455,
123,,1.3313050270080566,1.0345821380615234,
124,,1.3668689727783203,1.3140952587127686,
125,,1.2260842323303225,1.191798210144043,
126,,1.4585819244384766,1.082329511642456,
127,,1.4157142639160156,1.207974910736084,
128,,1.661827564239502,1.1169319152832031,
129,,1.3325836658477783,1.404416561126709,
130,,1.270592212677002,1.1597354412078855,
131,,1.866240739822388,1.205063819885254,
132,,1.4588329792022705,1.4581458568572998,
133,,1.3919167518615725,1.3019773960113523,
134,,1.2556602954864502,1.0336503982543943,
135,,1.473031520843506,1.0783376693725586,
136,,1.2387332916259766,1.097656011581421,
137,,1.412377119064331,1.0673387050628662,
138,,1.260704755783081,1.1464412212371826,
139,,1.5353598594665527,1.0859153270721436,
140,,1.3190767765045166,1.1936805248260498,
141,,2.005141019821167,1.07812237739563,
142,,1.2547626495361328,1.035527229309082,
143,,1.4613862037658691,1.0200018882751465,
144,,1.1805427074432373,1.1539151668548584,
145,,1.3031258583068848,1.4134514331817627,
146,,1.1024384498596191,1.36155366897583,
147,,1.4588239192962646,1.4107439517974854,
148,,1.4763264656066897,1.3316352367401123,
149,,1.2848646640777588,1.250200271606445,
150,,1.5052762031555176,1.3787360191345217,
151,,1.313188552856445,1.9296133518219,
152,,1.4569430351257324,1.598745822906494,
153,,1.5846095085144043,1.3786613941192627,
154,,1.3872294425964355,1.2380211353302002,
155,,1.7768967151641846,1.411963701248169,
156,,1.3018200397491455,1.5523414611816406,
157,,1.3025565147399902,1.45833420753479,
158,,1.6600069999694824,1.474513292312622,
159,,1.8317947387695312,1.4256672859191897,
160,,1.4596788883209229,0.8757507801055908,
161,,1.3332207202911377,1.4103600978851318,
162,,1.2072088718414309,1.819140672683716,
163,,1.2697901725769043,1.5042104721069336,
164,,1.2349457740783691,1.361081838607788,
165,,1.569122314453125,1.6308791637420654,
166,,1.318140745162964,1.3953278064727783,
167,,1.284512996673584,1.9630460739135744,
168,,1.5067696571350098,1.2722053527832031,
169,,1.2190163135528564,1.2854745388031006,
170,,1.347224473953247,1.582547664642334,
171,,1.5987422466278076,1.3941991329193115,
172,,1.3769607543945312,1.4443650245666504,
173,,1.0659582614898682,1.7874069213867188,
174,,2.038208246231079,1.1901628971099854,
175,,1.959475994110108,1.5666489601135254,
176,,1.444441556930542,1.417271375656128,
177,,1.46510910987854,1.7740931510925293,
178,,1.5682353973388672,1.6286988258361816,
179,,1.536241054534912,1.927528619766236,
180,,2.0019454956054688,2.165306568145752,
181,,1.4892053604125977,1.890043258666992,
182,,1.521233081817627,1.7853736877441406,
183,,1.2985663414001465,1.850524425506592,
184,,1.678685188293457,1.575881004333496,
185,,2.044456958770752,1.692657709121704,
186,,1.5034492015838623,1.6454944610595703,
187,,1.562941312789917,1.675276279449463,
188,,1.4367058277130127,1.9608328342437744,
189,,1.5517191886901855,1.3945074081420898,
190,,1.9906432628631592,1.2669382095336914,
191,,1.5100018978118896,2.116339921951294,
192,,1.5191090106964111,1.391305685043335,
193,,1.7096738815307615,2.100249767303467,
194,,1.471888303756714,2.024184226989746,
195,,1.6911306381225586,1.6794486045837402,
196,,1.6941039562225342,1.6221022605895996,
197,,1.6162776947021484,1.3647727966308594,
198,,1.5359296798706057,1.9129729270935056,
199,,1.4573907852172852,1.6744499206542969,
200,,1.381831407546997,1.344435691833496,
201,,1.4715709686279297,1.2051889896392822,
202,,1.5204458236694336,1.755404710769653,
203,,1.5993318557739258,1.7782409191131592,
204,,1.770906925201416,1.5210328102111816,
205,,2.052443504333496,1.7849581241607666,
206,,1.788618087768555,1.347439527511597,
207,,1.4455945491790771,1.5132622718811035,
208,,1.6597251892089844,1.5833556652069092,
209,,1.943495750427246,1.442267894744873,
210,,1.8649749755859373,1.966548204421997,
211,,1.9788753986358645,1.502683162689209,
212,,1.4310612678527832,1.6942856311798096,
213,,1.4722721576690674,1.834527969360352,
214,,1.8916194438934328,1.774306058883667,
215,,1.6766119003295898,1.6781082153320312,
216,,1.802577018737793,1.333251953125,
217,,1.582273244857788,1.7530851364135742,
218,,1.6031413078308103,1.486753225326538,
219,,1.474226474761963,1.8514769077301023,
220,,1.5822935104370115,1.969278335571289,
221,,1.5792107582092283,1.472024917602539,
222,,1.929854393005371,1.8352408409118648,
223,,1.6932759284973145,1.5686969757080078,
224,,1.4416089057922363,1.1749017238616943,
225,,1.5207185745239258,1.0642602443695068,
226,,1.5409579277038574,1.221952199935913,
227,,1.393085241317749,1.0271389484405518,
228,,1.4605650901794434,2.085194826126098,
229,,1.4086689949035645,1.1887638568878174,
230,,1.488710880279541,1.162344217300415,
231,,1.4790444374084473,1.1280877590179443,
232,,1.6599297523498535,1.7097663879394531,
233,,1.806959867477417,1.50482177734375,
234,,1.203887939453125,1.0974137783050537,
235,,1.88250994682312,1.0981523990631104,
236,,1.095677137374878,1.432485818862915,
237,,1.1309597492218018,1.5038294792175293,
238,,1.2692539691925049,1.8512523174285889,
239,,1.1135051250457764,1.4898595809936523,
240,,1.1937496662139893,1.1453135013580322,
241,,1.190340518951416,1.288363695144653,
242,,1.107365369796753,1.6318047046661377,
243,,1.4119048118591309,1.190882444381714,
244,,1.3160977363586426,1.2214548587799072,
245,,1.1446537971496582,1.2537734508514404,
246,,1.2299647331237793,1.5190298557281494,
247,,1.3483214378356934,1.5834355354309082,
248,,1.1901874542236328,1.7133891582489014,
249,,1.270071506500244,1.5532100200653076,
250,,1.1990578174591064,1.286015510559082,
251,,1.3204872608184814,1.475128412246704,
252,,1.5043938159942627,1.137722730636597,
253,,1.0807263851165771,1.6154229640960691,
254,,1.112717866897583,1.6593401432037354,
255,,1.463267803192139,1.2009379863739014,
256,,1.1412651538848877,1.089817762374878,
257,,1.1127912998199463,1.4927527904510498,
258,,1.0031421184539795,1.241107702255249,
259,,1.1578736305236816,1.315968036651611,
260,,1.0651068687438965,1.332502841949463,
261,,1.0830450057983398,1.3152694702148438,
262,,1.1773817539215088,1.1773650646209717,
263,,1.1609551906585691,1.66412353515625,
264,,1.126953125,1.048426866531372,
265,,1.739417552947998,1.5053212642669678,
266,,1.1123719215393066,1.3680648803710938,
267,,1.4757988452911377,1.1908855438232422,
268,,1.2626028060913086,1.2405099868774414,
269,,1.677967548370361,1.206033706665039,
270,,1.128330945968628,1.1946308612823486,
271,,1.163182020187378,1.123133420944214,
272,,1.1383793354034424,1.6148886680603027,
273,,1.1756505966186523,1.3337790966033936,
274,,1.0498995780944824,1.0046544075012207,
275,,1.5224487781524658,1.0985281467437744,
276,,0.9876065254211426,1.2229502201080322,
277,,1.154991626739502,1.7713651657104492,
278,,1.895930290222168,0.9856531620025636,
279,,1.2421469688415527,1.3180427551269531,
280,,1.3711774349212646,1.4118237495422363,
281,,1.4251532554626465,1.3666930198669434,
282,,1.2082626819610596,1.207735538482666,
283,,1.1906590461730957,1.3004846572875977,
284,,1.1296119689941406,1.3021245002746582,
285,,1.2081832885742188,1.7104837894439695,
286,,1.226065158843994,1.4127984046936035,
287,,1.080651044845581,1.488273859024048,
288,,1.4276793003082275,1.2998802661895752,
289,,1.159050703048706,1.4279885292053225,
290,,1.5032005310058594,2.089560031890869,
291,,1.3648054599761963,1.6328673362731934,
292,,1.1237971782684326,1.5160510540008545,
293,,1.395259141921997,1.5216856002807615,
294,,1.333425998687744,1.5453722476959229,
295,,1.145152568817139,1.218867540359497,
296,,1.3764605522155762,1.4844119548797607,
297,,1.0333199501037598,1.6199300289154053,
298,,1.228180170059204,1.350426197052002,
299,,1.1302142143249512,1.1373569965362549,
300,,1.0986878871917725,1.3946759700775146,
301,,1.0831472873687744,1.325603723526001,
302,,1.0683574676513672,1.1324007511138916,
303,,1.3006880283355713,1.4681222438812256,
304,,1.253410577774048,1.204190969467163,
305,,1.1449477672576904,1.7286367416381836,
306,,1.7078847885131836,1.4336678981781006,
307,,1.0349555015563965,1.382159948348999,
308,,1.255434513092041,1.5883219242095947,
309,,1.285956621170044,1.5281703472137451,
310,,1.3533530235290527,1.1964375972747805,
311,,1.2696945667266846,1.388688087463379,
312,,1.5223767757415771,1.4933514595031738,
313,,1.1291711330413818,1.4597127437591553,
314,,1.0189507007598877,1.862701177597046,
315,,1.3907747268676758,1.3164055347442627,
316,,1.445594072341919,1.3656799793243408,
317,,1.4902706146240234,1.4396281242370603,
318,,1.269294500350952,1.326110601425171,
319,,1.1427571773529053,1.801696538925171,
320,,1.332441329956055,1.45951509475708,
321,,1.4106264114379885,1.3792600631713867,
322,,1.177412509918213,1.551829814910889,
323,,1.335118055343628,1.2470135688781738,
324,,1.381755828857422,1.201279878616333,
325,,1.3004682064056396,1.2334792613983154,
326,,0.9830880165100098,1.1806747913360596,
327,,1.646127700805664,1.5008111000061035,
328,,1.1588382720947266,1.3227808475494385,
329,,1.4856057167053225,1.3967208862304688,
330,,1.3648107051849363,1.7177207469940186,
331,,1.4552645683288574,1.3102173805236816,
332,,1.3495848178863523,1.305717706680298,
333,,1.3299100399017334,1.684727907180786,
334,,1.2062089443206787,1.3248186111450195,
335,,1.2762646675109863,1.496013879776001,
336,,1.1139249801635742,1.4518377780914309,
337,,1.2100305557250977,1.3563964366912842,
338,,1.444584608078003,1.4586992263793943,
339,,1.0522925853729248,1.4140570163726809,
340,,1.0357892513275146,1.5014472007751465,
341,,1.129260778427124,2.2239718437194824,
342,,1.5460968017578125,1.986587285995484,
343,,1.1896865367889404,1.487037181854248,
344,,1.0843164920806885,1.583622694015503,
345,,1.2390198707580566,1.6445059776306152,
346,,1.1136696338653564,2.003090143203736,
347,,0.976987361907959,1.816321849822998,
348,,1.3334994316101074,2.4003171920776367,
349,,1.127826690673828,2.009360313415528,
350,,1.1925442218780518,1.6778273582458496,
351,,1.1315438747406006,1.546381950378418,
352,,1.0829908847808838,1.3609964847564695,
353,,1.251704216003418,1.5950160026550293,
354,,1.1918537616729736,1.9855496883392327,
355,,1.0962204933166504,2.1633992195129395,
356,,1.255814552307129,1.5853564739227295,
357,,1.284977912902832,1.4708373546600342,
358,,0.9868941307067872,1.5148026943206787,
359,,1.0585174560546875,1.5175530910491943,
360,,1.4716904163360596,1.5605289936065674,
361,,1.4293324947357178,1.490729808807373,
362,,1.1914982795715332,1.4160254001617432,
363,,1.3036372661590576,1.9638664722442627,
364,,1.4730031490325928,1.2288382053375244,
365,,1.4794645309448242,1.230973243713379,
366,,1.379634141921997,1.45320725440979,
367,,1.0362563133239746,1.7256250381469729,
368,,0.9569153785705566,1.6710398197174072,
369,,1.1306064128875732,1.50132417678833,
370,,1.2709271907806396,1.643261432647705,
371,,1.50736665725708,1.370898962020874,
372,,1.3140666484832764,2.081007480621338,
373,,1.2532682418823242,1.4864935874938965,
374,,1.2368698120117188,1.378371238708496,
375,,1.959254503250122,1.2687227725982666,
376,,1.2225158214569092,1.820489883422852,
377,,1.050985336303711,1.494337797164917,
378,,1.254223346710205,1.893102645874024,
379,,1.8358726501464844,1.806900978088379,
380,,1.333587408065796,1.911593198776245,
381,,1.180034637451172,1.8386940956115725,
382,,1.4730939865112305,0.5126149654388428,
383,,1.4907822608947754,1.4285650253295898,
384,,1.433157205581665,1.604511260986328,
385,,1.31583833694458,1.5374414920806885,
386,,1.3268859386444092,1.8400115966796875,
387,,1.7094886302947998,1.613039493560791,
388,,1.3908576965332031,1.4197707176208496,
389,,1.4200685024261477,1.7639477252960205,
390,,1.2163827419281006,1.7207043170928955,
391,,1.364131212234497,1.4138822555541992,
392,,1.5752017498016355,1.720005989074707,
393,,1.053757667541504,1.6259801387786863,
394,,1.2570714950561523,2.0511257648468018,
395,,1.3749511241912842,1.4623453617095947,
396,,1.4775042533874512,1.4377644062042236,
397,,1.2409400939941406,2.3405957221984863,
398,,1.399505376815796,1.71848464012146,
399,,1.2036902904510498,1.771369695663452,
400,,1.1898999214172363,1.6778805255889893,
401,,1.754957675933838,1.41304612159729,
402,,1.4159040451049805,1.7836148738861084,
403,,1.3601272106170654,1.7541050910949707,
404,,1.5379116535186768,1.3644611835479736,
405,,1.305175542831421,1.2534019947052002,
406,,1.057508945465088,1.345714092254639,
407,,1.4001519680023191,1.2896747589111328,
408,,1.5614190101623535,1.2852630615234375,
409,,1.7252264022827148,1.5026323795318604,
410,,1.292553186416626,1.3507120609283447,
411,,1.2372047901153564,1.5832538604736328,
412,,1.352001428604126,1.4738435745239258,
413,,1.5373125076293943,1.53753399848938,
414,,1.239835500717163,1.2978003025054932,
415,,1.9895660877227783,1.5498449802398682,
416,,1.1604492664337158,1.2278673648834229,
417,,1.4056379795074463,1.441319465637207,
418,,1.416079044342041,1.2065150737762451,
419,,1.227149486541748,1.4600043296813965,
420,,1.4694163799285889,1.30070161819458,
421,,1.2656300067901611,1.2707386016845703,
422,,1.863753080368042,1.5839567184448242,
423,,1.4689738750457764,1.4501612186431885,
424,,1.2106966972351074,1.508112907409668,
425,,1.4429099559783936,1.6795880794525146,
426,,1.360423564910889,1.2704989910125732,
427,,1.095451831817627,1.241569757461548,
428,,1.302462100982666,1.2069015502929688,
429,,2.114063739776612,1.2562613487243652,
430,,1.4571726322174072,1.2713837623596191,
431,,1.216331958770752,1.6441631317138672,
432,,1.158463716506958,1.771090030670166,
433,,1.4699673652648926,1.4426968097686768,
434,,1.2284214496612549,1.4313290119171145,
435,,1.7281386852264404,1.2892532348632812,
436,,2.0501675605773926,1.3054497241973877,
437,,1.2255244255065918,1.362213373184204,
438,,1.402099609375,1.3211145401000977,
439,,1.2634124755859375,1.3223726749420166,
440,,1.3393263816833496,1.3139116764068604,
441,,0.954272985458374,1.3718698024749756,
442,,1.1613829135894775,1.222269058227539,
443,,1.2543952465057373,1.3967783451080322,
444,,1.22074556350708,1.3520638942718506,
445,,1.388247013092041,1.3331081867218018,
446,,1.209843397140503,1.1439812183380127,
447,,1.18633770942688,1.2353730201721191,
448,,1.3273138999938965,1.2076482772827148,
449,,1.371920824050903,1.286752700805664,
450,,1.2650234699249268,1.1937859058380127,
451,,1.6623141765594482,1.4561388492584229,
452,,1.4588751792907717,1.2714719772338867,
453,,1.8283662796020508,1.2531864643096924,
454,,1.5625555515289309,1.3223645687103271,
455,,1.5726850032806396,1.224137306213379,
456,,1.708662509918213,1.4372026920318604,
457,,2.058743715286255,1.5628061294555664,
458,,2.127347707748413,1.4661459922790527,
459,,1.4340786933898926,1.646864414215088,
460,,1.3288447856903076,1.608961820602417,
461,,1.6113004684448242,1.4850871562957764,
462,,1.589940071105957,1.5871806144714355,
463,,1.4548957347869873,1.3623507022857666,
464,,1.5786421298980713,1.582850217819214,
465,,1.7582154273986816,1.4558846950531006,
466,,1.5102717876434326,1.3756330013275146,
467,,1.3981006145477295,1.448500633239746,
468,,1.4963583946228027,1.079376220703125,
469,,1.6431689262390137,1.3640861511230469,
470,,1.7007739543914795,1.2267534732818604,
471,,1.3665738105773926,1.214277267456055,
472,,1.4114234447479248,1.204437255859375,
473,,1.7770142555236816,1.181997776031494,
474,,1.490583896636963,1.1272423267364502,
475,,1.4350271224975586,1.235278844833374,
476,,1.2005345821380615,1.2097816467285156,
477,,1.8138892650604248,1.7440309524536133,
478,,1.3705053329467771,1.2775237560272217,
479,,1.5795950889587402,1.253075122833252,
480,,1.1978681087493896,1.3200173377990725,
481,,1.3574931621551514,1.205883264541626,
482,,1.4056475162506104,1.302042007446289,
483,,1.5336496829986572,1.3068647384643557,
484,,1.543365240097046,1.4182510375976562,
485,,1.594010829925537,1.2517096996307373,
486,,1.2712173461914062,1.1824181079864502,
487,,1.3495376110076904,1.1499476432800293,
488,,1.3255271911621094,1.0227694511413574,
489,,1.2859458923339844,1.297607183456421,
490,,1.222808837890625,1.1540467739105225,
491,,1.310460090637207,1.3705599308013916,
492,,1.861905574798584,1.0021467208862305,
493,,1.2834739685058594,1.216710329055786,
494,,1.2573363780975342,1.2092812061309814,
495,,2.202566385269165,1.2614996433258057,
496,,2.339632272720337,1.4496378898620603,
497,,2.010926961898804,1.5558080673217771,
498,,1.532679319381714,1.1660382747650146,
499,,1.8037371635437007,1.426051139831543,
500,,1.7227089405059814,1.288177728652954,
501,,1.975289821624756,1.4811112880706787,
502,,2.2122819423675537,1.3680500984191897,
503,,2.066863775253296,1.3034989833831787,
504,,1.6626157760620115,1.3332555294036863,
505,,1.7386474609375,1.198185920715332,
506,,1.7570745944976809,1.2394347190856934,
507,,1.770251989364624,1.1504530906677246,
508,,1.593285322189331,1.3624153137207031,
509,,1.678406000137329,1.294236183166504,
510,,1.4780662059783936,1.442406415939331,
511,,1.6420977115631104,1.2079110145568848,
512,,1.7362141609191897,1.312495470046997,
513,,2.297504425048828,1.0815448760986328,
514,,1.5807936191558838,1.1306424140930176,
515,,1.6518328189849854,1.2268478870391846,
516,,2.1771864891052246,1.5024845600128174,
517,,1.784617900848389,1.1856777667999268,
518,,1.9395766258239744,1.2614073753356934,
519,,1.6481420993804932,1.4759178161621094,
520,,1.4330558776855469,1.4364187717437744,
521,,1.642136573791504,1.339860916137695,
522,,1.5501198768615725,1.3557970523834229,
523,,1.6970431804656982,1.539168119430542,
524,,1.4672420024871826,1.548309326171875,
525,,1.3357048034667969,1.4722943305969238,
526,,1.699986457824707,1.39471173286438,
527,,1.674422025680542,1.4667198657989502,
528,,1.5603299140930176,1.071732997894287,
529,,1.631659984588623,1.1437177658081057,
530,,1.4714958667755127,1.2241783142089844,
531,,1.3653340339660645,1.2094240188598633,
532,,1.3019282817840576,1.613154649734497,
533,,1.2868340015411377,1.3239338397979736,
534,,1.3807954788208008,1.4169108867645264,
535,,1.3019771575927734,1.215001106262207,
536,,2.337923049926758,1.3287324905395508,
537,,1.490715503692627,1.2788643836975098,
538,,1.3829023838043213,1.48370623588562,
539,,1.319443702697754,1.3896920680999756,
540,,1.4732518196105957,1.2750754356384275,
541,,1.4394898414611816,1.5868163108825684,
542,,1.2567222118377686,1.375335693359375,
543,,1.6152806282043457,1.287224292755127,
544,,1.3825945854187012,1.4954686164855957,
545,,1.33613920211792,1.505546808242798,
546,,1.2868103981018066,1.3573131561279297,
547,,1.3011162281036377,1.8134357929229736,
548,,1.374621868133545,1.1781315803527832,
549,,1.2716469764709473,1.397890329360962,
550,,1.0977609157562256,1.203864336013794,
551,,1.3021044731140137,1.2048158645629885,
552,,1.2765471935272217,1.3200504779815674,
553,,1.2657973766326904,1.5977492332458496,
554,,1.1293752193450928,1.1344199180603027,
555,,1.28389310836792,1.3473567962646484,
556,,1.3360118865966797,1.3852784633636477,
557,,1.3296966552734375,1.879676818847656,
558,,1.3787603378295898,1.460402011871338,
559,,1.3032748699188232,1.1645867824554443,
560,,1.1287684440612793,1.1667699813842771,
561,,1.1450319290161133,1.445910930633545,
562,,1.1934425830841064,1.551323652267456,
563,,1.175429344177246,1.150575876235962,
564,,1.30064058303833,1.1096959114074707,
565,,1.5675373077392578,2.055250644683838,
566,,1.5519063472747805,1.322195529937744,
567,,1.614696025848389,1.3486089706420898,
568,,1.4145164489746094,1.273630142211914,
569,,1.4895639419555664,1.4494552612304688,
570,,1.5350096225738523,2.115154981613159,
571,,1.5389397144317627,1.4240641593933103,
572,,1.2635166645050049,1.4728641510009766,
573,,1.4249317646026611,1.2830586433410645,
574,,1.3934905529022217,1.3439090251922607,
575,,1.4256367683410645,1.1988840103149414,
576,,1.4250857830047607,1.3937757015228271,
577,,1.301189661026001,1.428398370742798,
578,,1.4364678859710691,1.2532320022583008,
579,,1.3955793380737305,1.3579747676849363,
580,,1.4602913856506348,1.223632574081421,
581,,1.3959319591522217,1.477790594100952,
582,,1.2496142387390137,1.2038140296936035,
583,,1.2715542316436768,1.5684161186218262,
584,,1.504967212677002,1.6334998607635498,
585,,1.3660430908203125,1.3783133029937744,
586,,1.2554616928100586,1.5082006454467771,
587,,1.2239441871643066,1.179450750350952,
588,,1.2851028442382812,1.7255048751831057,
589,,1.3340775966644287,1.4100360870361328,
590,,1.323591709136963,1.462680101394653,
591,,1.6318883895874023,1.3462183475494385,
592,,1.1914117336273191,1.3841967582702637,
593,,1.4264838695526123,1.2734766006469729,
594,,1.0947890281677246,1.37624192237854,
595,,1.4886879920959473,1.461842060089111,
596,,1.351649045944214,1.5458755493164062,
597,,1.2617387771606443,1.4949746131896973,
598,,1.252495288848877,1.5437390804290771,
599,,1.12306809425354,1.116405010223389,
600,,1.2381739616394043,1.4482545852661133,
601,,1.4623124599456787,1.440559148788452,
602,,1.2595775127410889,1.340123176574707,
603,,1.1595158576965332,1.372730731964111,
604,,1.1799912452697754,1.47471284866333,
605,,2.178984403610229,1.5589168071746826,
606,,1.2998032569885254,1.54980206489563,
607,,1.325833082199097,1.4091072082519531,
608,,1.2244672775268557,1.3327717781066897,
609,,1.303278923034668,1.514897346496582,
610,,1.3310716152191162,1.5329878330230713,
611,,1.3784639835357666,1.1391851902008057,
612,,1.377660036087036,1.443293571472168,
613,,1.446865797042847,2.182347059249878,
614,,1.507683277130127,1.4005582332611084,
615,,1.7517859935760498,1.8816497325897217,
616,,1.2790677547454834,1.366673231124878,
617,,1.212627410888672,1.1005778312683103,
618,,1.223430871963501,1.0926918983459473,
619,,1.1027281284332275,1.5104174613952637,
620,,1.068794012069702,1.3170413970947266,
621,,1.2420704364776611,1.3150146007537842,
622,,1.087630271911621,1.4986858367919922,
623,,1.1129698753356934,1.591341495513916,
624,,1.0690128803253174,1.3919117450714111,
625,,1.0831265449523926,1.3254494667053225,
626,,1.336320877075195,1.8601610660552976,
627,,1.2653133869171145,1.497399091720581,
628,,1.1510202884674072,1.5461368560791016,
629,,1.2116856575012207,1.835388660430908,
630,,1.342747688293457,1.3152921199798584,
631,,1.3183701038360596,1.5563726425170898,
632,,1.1492462158203125,1.5862572193145752,
633,,1.159477710723877,1.1720187664031982,
634,,1.2526874542236328,1.1094179153442385,
635,,1.0563747882843018,1.0844154357910156,
636,,1.2521157264709473,1.2451460361480713,
637,,1.1170363426208496,1.229844570159912,
638,,1.1295156478881836,,
639,,1.2496318817138672,,
640,,1.250307559967041,,
641,,1.2142963409423828,,
642,,1.1600680351257324,,
643,,0.998603105545044,,
644,,1.1005096435546875,,
645,,1.2398686408996582,,
646,,1.2070293426513672,,
647,,1.1477303504943848,,
648,,1.0742828845977783,,
649,,1.3460235595703125,,
650,,1.205827236175537,,
651,,1.724578857421875,,
652,,1.4528083801269531,,
653,,1.3290505409240725,,
654,,1.548445701599121,,
655,,1.3815715312957764,,
656,,1.6232020854949951,,
657,,1.3449223041534424,,
658,,1.3131756782531738,,
659,,1.1905529499053955,,
660,,1.2673838138580322,,
661,,1.177830457687378,,
662,,1.245502471923828,,
663,,1.451709270477295,,
664,,1.2126262187957764,,
665,,1.2175157070159912,,
666,,1.3451900482177734,,
667,,1.7579240798950195,,
668,,1.721360683441162,,
669,,1.461580514907837,,
670,,1.2625527381896973,,
671,,1.2734696865081787,,
672,,1.4992430210113523,,
673,,1.4900450706481934,,
674,,1.34026837348938,,
675,,1.2742247581481934,,
676,,1.3287467956542969,,
677,,1.4046883583068848,,
678,,1.3235437870025637,,
679,,1.317244052886963,,
680,,1.477521896362305,,
681,,1.5585975646972656,,
682,,1.1526329517364502,,
683,,1.0316805839538574,,
684,,1.2648046016693115,,
685,,1.252734661102295,,
686,,1.3253834247589111,,
687,,1.24151349067688,,
688,,1.0828452110290527,,
689,,1.4100332260131836,,
690,,1.5570108890533447,,
691,,1.277996301651001,,
692,,1.3335638046264648,,
693,,1.368804693222046,,
694,,1.13567852973938,,
695,,1.4353396892547607,,
696,,1.41579270362854,,
697,,1.593705177307129,,
698,,1.205808162689209,,
699,,1.2899274826049805,,
700,,1.2393088340759275,,
701,,1.130352020263672,,
702,,1.0629985332489014,,
703,,1.3637351989746094,,
704,,1.6968059539794922,,
705,,1.194145441055298,,
706,,1.3436801433563232,,
707,,1.2082879543304443,,
708,,1.2234716415405271,,
709,,1.2780327796936035,,
710,,1.316922664642334,,
711,,1.2907490730285645,,
712,,1.3346655368804932,,
713,,1.2986335754394531,,
714,,1.3964662551879885,,
715,,1.1331734657287598,,
716,,1.6543362140655518,,
717,,1.2918848991394043,,
718,,1.5837020874023438,,
719,,1.4924383163452148,,
720,,1.2772250175476074,,
721,,1.3929338455200195,,
722,,1.126603126525879,,
723,,1.2815799713134766,,
724,,1.23205828666687,,
725,,1.3719406127929688,,
726,,1.4191279411315918,,
727,,1.547407627105713,,
728,,1.2652153968811035,,
729,,1.266305923461914,,
730,,1.4149699211120603,,
731,,1.405029535293579,,
732,,1.1759531497955322,,
