trial_id,folder_name,file_name,trial,front,status,back,process,filename,param1,param1_value,param2,param2_value,param3,param3_value,image_name,final_status,Display_Timestamp,Display_Epoch,Elapsed_From_First_Display_s,Frame_60fps,Frame_120fps,Key_Timestamp,Reaction_Time,Front_Char,Back_Char,User_Key,Accuracy,Result_Type,Judgment,Is_Alphabet_Trial,Back_Image_Source,Back_Image_Path,Back_Image_Name_Used,FrontIsDigit_inferred,Skip_Task,Skip_Reason,task_start_frame_emr,task_end_frame_emr,diopter_baseline,diopter_onset_frame,diopter_peak_frame,diopter_peak_value,diopter_delta,baseline_frame_start,baseline_frame_end,miosis_frame_start,miosis_frame_end,pupil_left_baseline,pupil_right_baseline,pupil_both_baseline,pupil_left_miosis_mean,pupil_right_miosis_mean,pupil_both_miosis_mean,pupil_left_miosis_min,pupil_right_miosis_min,pupil_both_miosis_min,pupil_left_change_rate_mean,pupil_right_change_rate_mean,pupil_both_change_rate_mean,pupil_left_change_rate_min,pupil_right_change_rate_min,pupil_both_change_rate_min
S10_1_1,S10,1,1,B,filler,3,original,G:\pictures_verify\transformed_verify\roomBright_figureDark\rain_busy\3_day_rain_busy.jpg,,,,,,,M_1_15_B_filler_3_day_rain_busy_ORIG.jpg,Ignore,2026-01-11T14:50:43.214,1768110643.2141836,0.0,0,0,,,B,3,,1,Correct Rejection,正解(スルー成功),1,alphabet_fixed,./fillerpic/0_day_nocar.png,0_day_nocar.png,False,True,front_not_digit,,,,,,,,,,,,,,,,,,,,,,,,,,
S10_1_2,S10,1,2,1,unmatch,3,original,G:\pictures_verify\transformed_verify\roomBright_figureDark\sun_empty\3_day_sun_empty.jpg,,,,,,,M_1_37_1_unmatch_3_day_sun_empty_ORIG.jpg,Mismatch,2026-01-11T14:50:45.832,1768110645.8325653,2.61838173866272,157,314,2026-01-11T14:50:46.771,0.9387946128845216,1,3,b,1,Correct Rejection,正解(不一致),0,normal_image_name,D:\experiment_images_verify\Bright\S10\1\M_1_37_1_unmatch_3_day_sun_empty_ORIG.jpg,M_1_37_1_unmatch_3_day_sun_empty_ORIG.jpg,True,False,,314.0,613.0,0.0,354.0,401.0,3.7727963270051568,3.7727963270051568,344.0,353.0,461.0,470.0,4.740959999999999,4.72952,4.73524,4.8193,4.59102,4.705160000000001,4.7652,4.5600000000000005,4.6626,-0.01652407951132276,0.029284155685989195,0.006352370735168439,-0.005112888528905688,0.03584296080786199,0.015340299541311489
S10_1_3,S10,1,3,S,filler,5,model,G:\pictures_verify\transformed_verify\roomBright_figureDark\rain_busy\5_day_rain_busy.jpg,brightness,23.168,contrast,1.169,gamma,1.078,M_1_3_S_filler_5_day_rain_busy_MODEL_brightness23.168_contrast1.169_gamma1.078.jpg,Ignore,2026-01-11T14:50:48.436,1768110648.4366226,5.222439050674439,313,627,,,S,5,,1,Correct Rejection,正解(スルー成功),1,alphabet_fixed,./fillerpic/0_day_nocar.png,0_day_nocar.png,False,True,front_not_digit,,,,,,,,,,,,,,,,,,,,,,,,,,
S10_1_4,S10,1,4,4,unmatch,8,original,G:\pictures_verify\transformed_verify\roomBright_figureDark\rain_busy\8_day_rain_busy.jpg,,,,,,,M_1_44_4_unmatch_8_day_rain_busy_ORIG.jpg,Mismatch,2026-01-11T14:50:51.031,1768110651.031473,7.817289352416992,469,938,2026-01-11T14:50:51.998,0.967111110687256,4,8,b,1,Correct Rejection,正解(不一致),0,normal_image_name,D:\experiment_images_verify\Bright\S10\1\M_1_44_4_unmatch_8_day_rain_busy_ORIG.jpg,M_1_44_4_unmatch_8_day_rain_busy_ORIG.jpg,True,False,,938.0,1237.0,0.0,982.0,1064.0,3.717956486562805,3.717956486562805,972.0,981.0,1124.0,1133.0,4.60314,4.49634,4.54974,4.34242,4.225326666666666,4.283873333333334,4.3264000000000005,4.222333333333333,4.2777666666666665,0.05663959818732432,0.060274208207861106,0.05843557360786898,0.060119831245627836,0.06093993485071563,0.0597777748472074
S10_1_5,S10,1,5,J,filler,7,model,G:\pictures_verify\transformed_verify\roomBright_figureDark\sun_busy\7_day_sun_busy.jpg,brightness,25.454,contrast,1.16,gamma,1.064,M_1_21_J_filler_7_day_sun_busy_MODEL_brightness25.454_contrast1.160_gamma1.064.jpg,Ignore,2026-01-11T14:50:53.634,1768110653.6341598,10.419976234436035,625,1250,,,J,7,,1,Correct Rejection,正解(スルー成功),1,alphabet_fixed,./fillerpic/0_day_nocar.png,0_day_nocar.png,False,True,front_not_digit,,,,,,,,,,,,,,,,,,,,,,,,,,
S10_1_6,S10,1,6,7,match,7,brightonly,G:\pictures_verify\transformed_verify\roomBright_figureDark\sun_busy\7_day_sun_busy.jpg,brightness,45.47,,,,,M_1_6_7_match_7_day_sun_busy_BRIGHTONLY_brightness45.470.jpg,Match,2026-01-11T14:50:56.222,1768110656.2229097,13.008726119995115,781,1561,2026-01-11T14:50:57.120,0.8973855972290039,7,7,t,1,Hit,正解(一致),0,normal_image_name,D:\experiment_images_verify\Bright\S10\1\M_1_6_7_match_7_day_sun_busy_BRIGHTONLY_brightness45.470.jpg,M_1_6_7_match_7_day_sun_busy_BRIGHTONLY_brightness45.470.jpg,True,False,,1561.0,1860.0,0.0,1603.0,1705.0,4.570926512072562,4.570926512072562,1593.0,1602.0,1765.0,1774.0,4.979760000000001,4.89514,4.93745,4.3184,4.12932,4.22386,4.3048,4.095400000000001,4.2065,0.1328096133146981,0.15644496378040257,0.14452602051666344,0.13554066862660055,0.16337428551583796,0.14804200548866317
S10_1_7,S10,1,7,J,filler,2,brightonly,G:\pictures_verify\transformed_verify\roomBright_figureDark\rain_empty\2_day_rain_empty.jpg,brightness,35.62,,,,,M_1_29_J_filler_2_day_rain_empty_BRIGHTONLY_brightness35.620.jpg,Ignore,2026-01-11T14:50:58.813,1768110658.8134863,15.599302768707275,936,1872,,,J,2,,1,Correct Rejection,正解(スルー成功),1,alphabet_fixed,./fillerpic/0_day_nocar.png,0_day_nocar.png,False,True,front_not_digit,,,,,,,,,,,,,,,,,,,,,,,,,,
S10_1_8,S10,1,8,C,filler,3,original,G:\pictures_verify\transformed_verify\roomBright_figureDark\sun_busy\3_day_sun_busy.jpg,,,,,,,M_1_38_C_filler_3_day_sun_busy_ORIG.jpg,Ignore,2026-01-11T14:51:01.433,1768110661.4332223,18.21903872489929,1093,2186,,,C,3,,1,Correct Rejection,正解(スルー成功),1,alphabet_fixed,./fillerpic/0_day_nocar.png,0_day_nocar.png,False,True,front_not_digit,,,,,,,,,,,,,,,,,,,,,,,,,,
S10_1_9,S10,1,9,5,unmatch,6,original,G:\pictures_verify\transformed_verify\roomBright_figureDark\sun_empty\6_day_sun_empty.jpg,,,,,,,M_1_27_5_unmatch_6_day_sun_empty_ORIG.jpg,Mismatch,2026-01-11T14:51:04.069,1768110664.0694203,20.85523676872253,1251,2503,2026-01-11T14:51:04.882,0.8129103183746338,5,6,b,1,Correct Rejection,正解(不一致),0,normal_image_name,D:\experiment_images_verify\Bright\S10\1\M_1_27_5_unmatch_6_day_sun_empty_ORIG.jpg,M_1_27_5_unmatch_6_day_sun_empty_ORIG.jpg,True,False,,2503.0,2802.0,0.0,2535.0,2566.0,7.312855213113821,7.312855213113821,2525.0,2534.0,2626.0,2635.0,4.63054,4.52091,4.575725,4.426779999999999,4.3162400000000005,4.371510000000001,4.4214,4.288200000000001,4.3588000000000005,0.044003507150354136,0.045271858984142405,0.04463008594266473,0.04516535868386833,0.05147415011579507,0.04740778783690012
S10_1_10,S10,1,10,G,filler,9,brightonly,G:\pictures_verify\transformed_verify\roomBright_figureDark\sun_empty\9_day_sun_empty.jpg,brightness,40.55,,,,,M_1_7_G_filler_9_day_sun_empty_BRIGHTONLY_brightness40.550.jpg,Ignore,2026-01-11T14:51:06.657,1768110666.6574214,23.443237781524655,1407,2813,,,G,9,,1,Correct Rejection,正解(スルー成功),1,alphabet_fixed,./fillerpic/0_day_nocar.png,0_day_nocar.png,False,True,front_not_digit,,,,,,,,,,,,,,,,,,,,,,,,,,
S10_1_11,S10,1,11,9,match,9,original,G:\pictures_verify\transformed_verify\roomBright_figureDark\rain_empty\9_day_rain_empty.jpg,,,,,,,M_1_41_9_match_9_day_rain_empty_ORIG.jpg,Match,2026-01-11T14:51:09.256,1768110669.2567065,26.04252290725708,1563,3125,2026-01-11T14:51:10.225,0.9692254066467284,9,9,t,1,Hit,正解(一致),0,normal_image_name,D:\experiment_images_verify\Bright\S10\1\M_1_41_9_match_9_day_rain_empty_ORIG.jpg,M_1_41_9_match_9_day_rain_empty_ORIG.jpg,True,False,,3125.0,3424.0,0.0,3173.0,3246.0,3.2389398201168476,3.2389398201168476,3163.0,3172.0,3306.0,3315.0,5.20112,5.08396,5.14254,4.66998,4.3961,4.53304,4.653599999999999,4.3078,4.4807,0.10212031254806668,0.13530004169977744,0.11852119769608026,0.10526963423262707,0.15266839235556534,0.12869904755237696
S10_1_12,S10,1,12,C,filler,0,original,G:\pictures_verify\transformed_verify\roomBright_figureDark\rain_busy\0_day_rain_busy.jpg,,,,,,,M_1_40_C_filler_0_day_rain_busy_ORIG.jpg,Ignore,2026-01-11T14:51:11.863,1768110671.863716,28.649532318115234,1719,3438,,,C,0,,1,Correct Rejection,正解(スルー成功),1,alphabet_fixed,./fillerpic/0_day_nocar.png,0_day_nocar.png,False,True,front_not_digit,,,,,,,,,,,,,,,,,,,,,,,,,,
S10_1_13,S10,1,13,F,filler,3,model,G:\pictures_verify\transformed_verify\roomBright_figureDark\rain_empty\3_day_rain_empty.jpg,brightness,22.602,contrast,1.158,gamma,1.045,M_1_45_F_filler_3_day_rain_empty_MODEL_brightness22.602_contrast1.158_gamma1.045.jpg,Ignore,2026-01-11T14:51:14.454,1768110674.454214,31.24003028869629,1874,3749,,,F,3,,1,Correct Rejection,正解(スルー成功),1,alphabet_fixed,./fillerpic/0_day_nocar.png,0_day_nocar.png,False,True,front_not_digit,,,,,,,,,,,,,,,,,,,,,,,,,,
S10_1_14,S10,1,14,B,filler,3,model,G:\pictures_verify\transformed_verify\roomBright_figureDark\rain_busy\3_day_rain_busy.jpg,brightness,23.168,contrast,1.169,gamma,1.078,M_1_19_B_filler_3_day_rain_busy_MODEL_brightness23.168_contrast1.169_gamma1.078.jpg,Ignore,2026-01-11T14:51:17.067,1768110677.0674698,33.853286266326904,2031,4062,,,B,3,,1,Correct Rejection,正解(スルー成功),1,alphabet_fixed,./fillerpic/0_day_nocar.png,0_day_nocar.png,False,True,front_not_digit,,,,,,,,,,,,,,,,,,,,,,,,,,
S10_1_15,S10,1,15,Q,filler,8,original,G:\pictures_verify\transformed_verify\roomBright_figureDark\rain_busy\8_day_rain_busy.jpg,,,,,,,M_1_48_Q_filler_8_day_rain_busy_ORIG.jpg,Ignore,2026-01-11T14:51:19.670,1768110679.6709554,36.45677185058594,2187,4375,,,Q,8,,1,Correct Rejection,正解(スルー成功),1,alphabet_fixed,./fillerpic/0_day_nocar.png,0_day_nocar.png,False,True,front_not_digit,,,,,,,,,,,,,,,,,,,,,,,,,,
S10_1_16,S10,1,16,9,unmatch,1,brightonly,G:\pictures_verify\transformed_verify\roomBright_figureDark\rain_empty\1_day_rain_empty.jpg,brightness,35.62,,,,,M_1_9_9_unmatch_1_day_rain_empty_BRIGHTONLY_brightness35.620.jpg,Mismatch,2026-01-11T14:51:22.257,1768110682.2577045,39.04352068901062,2343,4685,2026-01-11T14:51:23.094,0.8372194766998291,9,1,b,1,Correct Rejection,正解(不一致),0,normal_image_name,D:\experiment_images_verify\Bright\S10\1\M_1_9_9_unmatch_1_day_rain_empty_BRIGHTONLY_brightness35.620.jpg,M_1_9_9_unmatch_1_day_rain_empty_BRIGHTONLY_brightness35.620.jpg,True,False,,4685.0,4984.0,0.0,4724.0,4798.0,3.715360607975492,3.715360607975492,4714.0,4723.0,4858.0,4867.0,4.7343,4.605599999999999,4.66995,4.254095,3.8396,4.0468475,4.07915,3.675,3.886575,0.10143104577234222,0.16631926350529774,0.1334280880951616,0.13838371036900912,0.20205836373110983,0.16774804869431148
S10_1_17,S10,1,17,R,filler,5,model,G:\pictures_verify\transformed_verify\roomBright_figureDark\rain_empty\5_day_rain_empty.jpg,brightness,22.602,contrast,1.158,gamma,1.045,M_1_36_R_filler_5_day_rain_empty_MODEL_brightness22.602_contrast1.158_gamma1.045.jpg,Ignore,2026-01-11T14:51:24.847,1768110684.8477817,41.63359808921814,2498,4996,,,R,5,,1,Correct Rejection,正解(スルー成功),1,alphabet_fixed,./fillerpic/0_day_nocar.png,0_day_nocar.png,False,True,front_not_digit,,,,,,,,,,,,,,,,,,,,,,,,,,
S10_1_18,S10,1,18,F,filler,2,brightonly,G:\pictures_verify\transformed_verify\roomBright_figureDark\sun_busy\2_day_sun_busy.jpg,brightness,45.47,,,,,M_1_42_F_filler_2_day_sun_busy_BRIGHTONLY_brightness45.470.jpg,Ignore,2026-01-11T14:51:27.437,1768110687.4377182,44.22353458404541,2653,5307,,,F,2,,1,Correct Rejection,正解(スルー成功),1,alphabet_fixed,./fillerpic/0_day_nocar.png,0_day_nocar.png,False,True,front_not_digit,,,,,,,,,,,,,,,,,,,,,,,,,,
S10_1_19,S10,1,19,8,match,8,model,G:\pictures_verify\transformed_verify\roomBright_figureDark\sun_empty\8_day_sun_empty.jpg,brightness,18.052,contrast,1.163,gamma,1.019,M_1_33_8_match_8_day_sun_empty_MODEL_brightness18.052_contrast1.163_gamma1.019.jpg,Match,2026-01-11T14:51:30.040,1768110690.040028,46.825844526290894,2810,5619,2026-01-11T14:51:30.886,0.8464565277099609,8,8,t,1,Hit,正解(一致),0,normal_image_name,D:\experiment_images_verify\Bright\S10\1\M_1_33_8_match_8_day_sun_empty_MODEL_brightness18.052_contrast1.163_gamma1.019.jpg,M_1_33_8_match_8_day_sun_empty_MODEL_brightness18.052_contrast1.163_gamma1.019.jpg,True,False,,5619.0,5918.0,0.0,5662.0,5758.0,3.4442758009823202,3.4442758009823202,5652.0,5661.0,5818.0,5827.0,4.73833,4.5947,4.6665149999999995,4.123900000000001,3.96982,4.04686,4.100199999999999,3.9442,4.0262,0.12967226849966118,0.13600017411365262,0.13278752988043538,0.13467403072390507,0.14157616384094712,0.1372148166243973
S10_1_20,S10,1,20,Q,filler,6,model,G:\pictures_verify\transformed_verify\roomBright_figureDark\rain_empty\6_day_rain_empty.jpg,brightness,22.602,contrast,1.158,gamma,1.045,M_1_12_Q_filler_6_day_rain_empty_MODEL_brightness22.602_contrast1.158_gamma1.045.jpg,Ignore,2026-01-11T14:51:32.664,1768110692.6642315,49.45004796981812,2967,5934,,,Q,6,,1,Correct Rejection,正解(スルー成功),1,alphabet_fixed,./fillerpic/0_day_nocar.png,0_day_nocar.png,False,True,front_not_digit,,,,,,,,,,,,,,,,,,,,,,,,,,
S10_1_21,S10,1,21,J,filler,1,original,G:\pictures_verify\transformed_verify\roomBright_figureDark\sun_empty\1_day_sun_empty.jpg,,,,,,,M_1_46_J_filler_1_day_sun_empty_ORIG.jpg,Ignore,2026-01-11T14:51:35.264,1768110695.264491,52.050307750701904,3123,6246,,,J,1,,1,Correct Rejection,正解(スルー成功),1,alphabet_fixed,./fillerpic/0_day_nocar.png,0_day_nocar.png,False,True,front_not_digit,,,,,,,,,,,,,,,,,,,,,,,,,,
S10_1_22,S10,1,22,8,unmatch,2,model,G:\pictures_verify\transformed_verify\roomBright_figureDark\sun_busy\2_day_sun_busy.jpg,brightness,25.454,contrast,1.16,gamma,1.064,M_1_47_8_unmatch_2_day_sun_busy_MODEL_brightness25.454_contrast1.160_gamma1.064.jpg,Mismatch,2026-01-11T14:51:37.852,1768110697.8528492,54.63866567611694,3278,6557,2026-01-11T14:51:38.673,0.8202087879180908,8,2,b,1,Correct Rejection,正解(不一致),0,normal_image_name,D:\experiment_images_verify\Bright\S10\1\M_1_47_8_unmatch_2_day_sun_busy_MODEL_brightness25.454_contrast1.160_gamma1.064.jpg,M_1_47_8_unmatch_2_day_sun_busy_MODEL_brightness25.454_contrast1.160_gamma1.064.jpg,True,False,,6557.0,6856.0,0.0,6599.0,6660.0,7.238781530395967,7.238781530395967,6589.0,6598.0,6720.0,6729.0,4.8085,4.79274,4.800619999999999,4.13084,3.9716,4.05122,4.1082,3.9454000000000002,4.0404,0.1409296038265572,0.1713299699128265,0.15610483645862402,0.14563793282728507,0.17679657148103173,0.15835871199969995
S10_1_23,S10,1,23,B,filler,1,original,G:\pictures_verify\transformed_verify\roomBright_figureDark\rain_busy\1_day_rain_busy.jpg,,,,,,,M_1_35_B_filler_1_day_rain_busy_ORIG.jpg,Ignore,2026-01-11T14:51:40.442,1768110700.442015,57.22783136367798,3434,6867,,,B,1,,1,Correct Rejection,正解(スルー成功),1,alphabet_fixed,./fillerpic/0_day_nocar.png,0_day_nocar.png,False,True,front_not_digit,,,,,,,,,,,,,,,,,,,,,,,,,,
S10_1_24,S10,1,24,R,filler,0,original,G:\pictures_verify\transformed_verify\roomBright_figureDark\rain_empty\0_day_rain_empty.jpg,,,,,,,M_1_8_R_filler_0_day_rain_empty_ORIG.jpg,Ignore,2026-01-11T14:51:43.046,1768110703.046136,59.8319525718689,3590,7180,,,R,0,,1,Correct Rejection,正解(スルー成功),1,alphabet_fixed,./fillerpic/0_day_nocar.png,0_day_nocar.png,False,True,front_not_digit,,,,,,,,,,,,,,,,,,,,,,,,,,
S10_1_25,S10,1,25,8,unmatch,2,model,G:\pictures_verify\transformed_verify\roomBright_figureDark\sun_busy\2_day_sun_busy.jpg,brightness,25.454,contrast,1.16,gamma,1.064,M_1_39_8_unmatch_2_day_sun_busy_MODEL_brightness25.454_contrast1.160_gamma1.064.jpg,Mismatch,2026-01-11T14:51:45.639,1768110705.6392891,62.425105571746826,3746,7491,2026-01-11T14:51:46.447,0.8082008361816406,8,2,b,1,Correct Rejection,正解(不一致),0,normal_image_name,D:\experiment_images_verify\Bright\S10\1\M_1_39_8_unmatch_2_day_sun_busy_MODEL_brightness25.454_contrast1.160_gamma1.064.jpg,M_1_39_8_unmatch_2_day_sun_busy_MODEL_brightness25.454_contrast1.160_gamma1.064.jpg,True,False,,7491.0,7790.0,0.0,7526.0,7592.0,4.235214003233559,4.235214003233559,7516.0,7525.0,7652.0,7661.0,5.00192,4.86024,4.93108,4.48976,4.249419999999999,4.36959,4.4588,4.2128,4.358,0.10239268121041514,0.12567692130429797,0.1138675503135216,0.10858230439511228,0.1332115286487911,0.1162179481979607
S10_1_26,S10,1,26,I,filler,8,original,G:\pictures_verify\transformed_verify\roomBright_figureDark\sun_empty\8_day_sun_empty.jpg,,,,,,,M_1_32_I_filler_8_day_sun_empty_ORIG.jpg,Ignore,2026-01-11T14:51:48.230,1768110708.2302866,65.0161030292511,3901,7802,,,I,8,,1,Correct Rejection,正解(スルー成功),1,alphabet_fixed,./fillerpic/0_day_nocar.png,0_day_nocar.png,False,True,front_not_digit,,,,,,,,,,,,,,,,,,,,,,,,,,
S10_1_27,S10,1,27,7,match,7,original,G:\pictures_verify\transformed_verify\roomBright_figureDark\sun_busy\7_day_sun_busy.jpg,,,,,,,M_1_2_7_match_7_day_sun_busy_ORIG.jpg,Match,2026-01-11T14:51:50.818,1768110710.8181045,67.6039206981659,4056,8112,2026-01-11T14:51:51.649,0.8312995433807373,7,7,t,1,Hit,正解(一致),0,normal_image_name,D:\experiment_images_verify\Bright\S10\1\M_1_2_7_match_7_day_sun_busy_ORIG.jpg,M_1_2_7_match_7_day_sun_busy_ORIG.jpg,True,False,,8112.0,8411.0,0.0,8155.0,8198.0,2.203687750134853,2.203687750134853,8145.0,8154.0,8258.0,8267.0,4.805719999999999,4.741359999999999,4.773539999999999,4.61514,4.315119999999999,4.46513,4.5814,4.3082,4.4453,0.03965690885028651,0.08989825704017412,0.06460823623558168,0.0466777090633659,0.0913577538933975,0.06876238598608146
S10_1_28,S10,1,28,E,filler,2,brightonly,G:\pictures_verify\transformed_verify\roomBright_figureDark\sun_busy\2_day_sun_busy.jpg,brightness,45.47,,,,,M_1_22_E_filler_2_day_sun_busy_BRIGHTONLY_brightness45.470.jpg,Ignore,2026-01-11T14:51:53.408,1768110713.4081182,70.19393467903137,4212,8423,,,E,2,,1,Correct Rejection,正解(スルー成功),1,alphabet_fixed,./fillerpic/0_day_nocar.png,0_day_nocar.png,False,True,front_not_digit,,,,,,,,,,,,,,,,,,,,,,,,,,
S10_1_29,S10,1,29,5,unmatch,7,model,G:\pictures_verify\transformed_verify\roomBright_figureDark\rain_empty\7_day_rain_empty.jpg,brightness,22.602,contrast,1.158,gamma,1.045,M_1_16_5_unmatch_7_day_rain_empty_MODEL_brightness22.602_contrast1.158_gamma1.045.jpg,Mismatch,2026-01-11T14:51:56.027,1768110716.0279694,72.8137857913971,4369,8738,2026-01-11T14:51:56.827,0.7999298572540283,5,7,b,1,Correct Rejection,正解(不一致),0,normal_image_name,D:\experiment_images_verify\Bright\S10\1\M_1_16_5_unmatch_7_day_rain_empty_MODEL_brightness22.602_contrast1.158_gamma1.045.jpg,M_1_16_5_unmatch_7_day_rain_empty_MODEL_brightness22.602_contrast1.158_gamma1.045.jpg,True,False,,8738.0,9037.0,0.0,8775.0,8874.0,4.651516912289347,4.651516912289347,8765.0,8774.0,8934.0,8943.0,4.77768,4.65868,4.71818,4.4042200000000005,4.167959999999999,4.28609,4.3894,4.1526,4.2712,0.07816764622159703,0.105334558286897,0.0915798040769959,0.08126957016794761,0.10863162956030478,0.09473568197906818
S10_1_30,S10,1,30,R,filler,1,brightonly,G:\pictures_verify\transformed_verify\roomBright_figureDark\sun_empty\1_day_sun_empty.jpg,brightness,40.55,,,,,M_1_1_R_filler_1_day_sun_empty_BRIGHTONLY_brightness40.550.jpg,Ignore,2026-01-11T14:51:58.659,1768110718.6599307,75.4457471370697,4527,9053,,,R,1,,1,Correct Rejection,正解(スルー成功),1,alphabet_fixed,./fillerpic/0_day_nocar.png,0_day_nocar.png,False,True,front_not_digit,,,,,,,,,,,,,,,,,,,,,,,,,,
S10_1_31,S10,1,31,E,filler,0,model,G:\pictures_verify\transformed_verify\roomBright_figureDark\sun_busy\0_day_sun_busy.jpg,brightness,25.454,contrast,1.16,gamma,1.064,M_1_5_E_filler_0_day_sun_busy_MODEL_brightness25.454_contrast1.160_gamma1.064.jpg,Ignore,2026-01-11T14:52:01.300,1768110721.3002615,78.08607816696167,4685,9370,,,E,0,,1,Correct Rejection,正解(スルー成功),1,alphabet_fixed,./fillerpic/0_day_nocar.png,0_day_nocar.png,False,True,front_not_digit,,,,,,,,,,,,,,,,,,,,,,,,,,
S10_1_32,S10,1,32,6,match,6,brightonly,G:\pictures_verify\transformed_verify\roomBright_figureDark\rain_busy\6_day_rain_busy.jpg,brightness,36.09,,,,,M_1_13_6_match_6_day_rain_busy_BRIGHTONLY_brightness36.090.jpg,Match,2026-01-11T14:52:03.889,1768110723.8890908,80.67490720748901,4840,9681,2026-01-11T14:52:04.659,0.7708156108856201,6,6,t,1,Hit,正解(一致),0,normal_image_name,D:\experiment_images_verify\Bright\S10\1\M_1_13_6_match_6_day_rain_busy_BRIGHTONLY_brightness36.090.jpg,M_1_13_6_match_6_day_rain_busy_BRIGHTONLY_brightness36.090.jpg,True,False,,9681.0,9980.0,0.0,9714.0,9770.0,3.7835328660393217,3.7835328660393217,9704.0,9713.0,9830.0,9839.0,4.21188,4.15018,4.181029999999999,4.51947,4.378480000000001,4.448975,4.5154,4.3042,4.414,-0.07302914612951943,-0.055009662231517875,-0.06408588314362754,-0.07206283179957639,-0.03711164335040891,-0.055720719535617025
S10_1_33,S10,1,33,E,filler,3,brightonly,G:\pictures_verify\transformed_verify\roomBright_figureDark\rain_empty\3_day_rain_empty.jpg,brightness,35.62,,,,,M_1_14_E_filler_3_day_rain_empty_BRIGHTONLY_brightness35.620.jpg,Ignore,2026-01-11T14:52:06.479,1768110726.4790192,83.2648355960846,4996,9992,,,E,3,,1,Correct Rejection,正解(スルー成功),1,alphabet_fixed,./fillerpic/0_day_nocar.png,0_day_nocar.png,False,True,front_not_digit,,,,,,,,,,,,,,,,,,,,,,,,,,
S10_1_34,S10,1,34,C,filler,8,model,G:\pictures_verify\transformed_verify\roomBright_figureDark\rain_empty\8_day_rain_empty.jpg,brightness,22.602,contrast,1.158,gamma,1.045,M_1_26_C_filler_8_day_rain_empty_MODEL_brightness22.602_contrast1.158_gamma1.045.jpg,Ignore,2026-01-11T14:52:09.065,1768110729.0654223,85.85123872756958,5151,10302,,,C,8,,1,Correct Rejection,正解(スルー成功),1,alphabet_fixed,./fillerpic/0_day_nocar.png,0_day_nocar.png,False,True,front_not_digit,,,,,,,,,,,,,,,,,,,,,,,,,,
S10_1_35,S10,1,35,1,unmatch,3,brightonly,G:\pictures_verify\transformed_verify\roomBright_figureDark\rain_busy\3_day_rain_busy.jpg,brightness,36.09,,,,,M_1_18_1_unmatch_3_day_rain_busy_BRIGHTONLY_brightness36.090.jpg,Mismatch,2026-01-11T14:52:11.670,1768110731.6707768,88.45659327507019,5307,10615,2026-01-11T14:52:12.433,0.7623353004455566,1,3,b,1,Correct Rejection,正解(不一致),0,normal_image_name,D:\experiment_images_verify\Bright\S10\1\M_1_18_1_unmatch_3_day_rain_busy_BRIGHTONLY_brightness36.090.jpg,M_1_18_1_unmatch_3_day_rain_busy_BRIGHTONLY_brightness36.090.jpg,True,False,,10615.0,10914.0,0.0,10648.0,10700.0,7.908687859725637,7.908687859725637,10638.0,10647.0,10760.0,10769.0,4.46724,4.35704,4.41214,4.5951,4.531000000000001,4.5630500000000005,4.5494,4.4816,4.5459000000000005,-0.028621699304268423,-0.039926188421497394,-0.03420335710108939,-0.01839166912903717,-0.028588215852964553,-0.030316354422117282
S10_1_36,S10,1,36,U,filler,5,original,G:\pictures_verify\transformed_verify\roomBright_figureDark\sun_empty\5_day_sun_empty.jpg,,,,,,,M_1_17_U_filler_5_day_sun_empty_ORIG.jpg,Ignore,2026-01-11T14:52:14.265,1768110734.2653298,91.0511462688446,5463,10926,,,U,5,,1,Correct Rejection,正解(スルー成功),1,alphabet_fixed,./fillerpic/0_day_nocar.png,0_day_nocar.png,False,True,front_not_digit,,,,,,,,,,,,,,,,,,,,,,,,,,
S10_1_37,S10,1,37,A,filler,5,brightonly,G:\pictures_verify\transformed_verify\roomBright_figureDark\rain_busy\5_day_rain_busy.jpg,brightness,36.09,,,,,M_1_10_A_filler_5_day_rain_busy_BRIGHTONLY_brightness36.090.jpg,Ignore,2026-01-11T14:52:16.853,1768110736.8534448,93.63926124572754,5618,11237,,,A,5,,1,Correct Rejection,正解(スルー成功),1,alphabet_fixed,./fillerpic/0_day_nocar.png,0_day_nocar.png,False,True,front_not_digit,,,,,,,,,,,,,,,,,,,,,,,,,,
S10_1_38,S10,1,38,2,match,2,model,G:\pictures_verify\transformed_verify\roomBright_figureDark\sun_empty\2_day_sun_empty.jpg,brightness,18.052,contrast,1.163,gamma,1.019,M_1_11_2_match_2_day_sun_empty_MODEL_brightness18.052_contrast1.163_gamma1.019.jpg,Match,2026-01-11T14:52:19.454,1768110739.4545135,96.24032998085022,5774,11549,2026-01-11T14:52:20.244,0.7902147769927979,2,2,t,1,Hit,正解(一致),0,normal_image_name,D:\experiment_images_verify\Bright\S10\1\M_1_11_2_match_2_day_sun_empty_MODEL_brightness18.052_contrast1.163_gamma1.019.jpg,M_1_11_2_match_2_day_sun_empty_MODEL_brightness18.052_contrast1.163_gamma1.019.jpg,True,False,,11549.0,11848.0,0.0,11589.0,11645.0,3.5161409281862475,3.5161409281862475,11579.0,11588.0,11705.0,11714.0,4.8106599999999995,4.79769,4.804175,4.534739999999999,4.23846,4.3866,4.4655000000000005,4.220400000000001,4.34525,0.05735595531590264,0.11656234562883394,0.0869191900794622,0.0717489907829693,0.12032665720377923,0.09552628703159227
S10_1_39,S10,1,39,B,filler,4,original,G:\pictures_verify\transformed_verify\roomBright_figureDark\sun_empty\4_day_sun_empty.jpg,,,,,,,M_1_4_B_filler_4_day_sun_empty_ORIG.jpg,Ignore,2026-01-11T14:52:22.048,1768110742.0480316,98.83384799957275,5930,11860,,,B,4,,1,Correct Rejection,正解(スルー成功),1,alphabet_fixed,./fillerpic/0_day_nocar.png,0_day_nocar.png,False,True,front_not_digit,,,,,,,,,,,,,,,,,,,,,,,,,,
S10_1_40,S10,1,40,U,filler,0,model,G:\pictures_verify\transformed_verify\roomBright_figureDark\sun_busy\0_day_sun_busy.jpg,brightness,25.454,contrast,1.16,gamma,1.064,M_1_30_U_filler_0_day_sun_busy_MODEL_brightness25.454_contrast1.160_gamma1.064.jpg,Ignore,2026-01-11T14:52:24.652,1768110744.6526265,101.43844270706175,6086,12173,,,U,0,,1,Correct Rejection,正解(スルー成功),1,alphabet_fixed,./fillerpic/0_day_nocar.png,0_day_nocar.png,False,True,front_not_digit,,,,,,,,,,,,,,,,,,,,,,,,,,
S10_1_41,S10,1,41,T,filler,7,brightonly,G:\pictures_verify\transformed_verify\roomBright_figureDark\sun_empty\7_day_sun_empty.jpg,brightness,40.55,,,,,M_1_20_T_filler_7_day_sun_empty_BRIGHTONLY_brightness40.550.jpg,Ignore,2026-01-11T14:52:27.237,1768110747.237408,104.02322435379028,6241,12483,,,T,7,,1,Correct Rejection,正解(スルー成功),1,alphabet_fixed,./fillerpic/0_day_nocar.png,0_day_nocar.png,False,True,front_not_digit,,,,,,,,,,,,,,,,,,,,,,,,,,
S10_1_42,S10,1,42,3,match,3,model,G:\pictures_verify\transformed_verify\roomBright_figureDark\rain_empty\3_day_rain_empty.jpg,brightness,22.602,contrast,1.158,gamma,1.045,M_1_31_3_match_3_day_rain_empty_MODEL_brightness22.602_contrast1.158_gamma1.045.jpg,Match,2026-01-11T14:52:29.854,1768110749.8542302,106.6400465965271,6398,12797,2026-01-11T14:52:30.704,0.8499736785888672,3,3,t,1,Hit,正解(一致),0,normal_image_name,D:\experiment_images_verify\Bright\S10\1\M_1_31_3_match_3_day_rain_empty_MODEL_brightness22.602_contrast1.158_gamma1.045.jpg,M_1_31_3_match_3_day_rain_empty_MODEL_brightness22.602_contrast1.158_gamma1.045.jpg,True,False,,12797.0,13096.0,0.0,12832.0,12928.0,5.192795801239981,5.192795801239981,12822.0,12831.0,12988.0,12997.0,3.42933,3.44444,3.436885,4.23638,4.1164000000000005,4.17639,4.2024,4.0762,4.1393,-0.2353375149081597,-0.19508541301343624,-0.21516722264492394,-0.225428873861658,-0.18341443021216797,-0.2043754737211167
S10_1_43,S10,1,43,U,filler,8,brightonly,G:\pictures_verify\transformed_verify\roomBright_figureDark\rain_empty\8_day_rain_empty.jpg,brightness,35.62,,,,,M_1_43_U_filler_8_day_rain_empty_BRIGHTONLY_brightness35.620.jpg,Ignore,2026-01-11T14:52:32.496,1768110752.4964347,109.28225111961363,6557,13114,,,U,8,,1,Correct Rejection,正解(スルー成功),1,alphabet_fixed,./fillerpic/0_day_nocar.png,0_day_nocar.png,False,True,front_not_digit,,,,,,,,,,,,,,,,,,,,,,,,,,
S10_1_44,S10,1,44,L,filler,9,brightonly,G:\pictures_verify\transformed_verify\roomBright_figureDark\sun_busy\9_day_sun_busy.jpg,brightness,45.47,,,,,M_1_34_L_filler_9_day_sun_busy_BRIGHTONLY_brightness45.470.jpg,Ignore,2026-01-11T14:52:35.100,1768110755.100068,111.88588452339172,6713,13426,,,L,9,,1,Correct Rejection,正解(スルー成功),1,alphabet_fixed,./fillerpic/0_day_nocar.png,0_day_nocar.png,False,True,front_not_digit,,,,,,,,,,,,,,,,,,,,,,,,,,
S10_1_45,S10,1,45,E,filler,9,model,G:\pictures_verify\transformed_verify\roomBright_figureDark\sun_busy\9_day_sun_busy.jpg,brightness,25.454,contrast,1.16,gamma,1.064,M_1_25_E_filler_9_day_sun_busy_MODEL_brightness25.454_contrast1.160_gamma1.064.jpg,Ignore,2026-01-11T14:52:37.690,1768110757.6902304,114.4760468006134,6869,13737,,,E,9,,1,Correct Rejection,正解(スルー成功),1,alphabet_fixed,./fillerpic/0_day_nocar.png,0_day_nocar.png,False,True,front_not_digit,,,,,,,,,,,,,,,,,,,,,,,,,,
S10_1_46,S10,1,46,T,filler,0,original,G:\pictures_verify\transformed_verify\roomBright_figureDark\rain_busy\0_day_rain_busy.jpg,,,,,,,M_1_24_T_filler_0_day_rain_busy_ORIG.jpg,Ignore,2026-01-11T14:52:40.293,1768110760.2931464,117.07896280288696,7025,14049,,,T,0,,1,Correct Rejection,正解(スルー成功),1,alphabet_fixed,./fillerpic/0_day_nocar.png,0_day_nocar.png,False,True,front_not_digit,,,,,,,,,,,,,,,,,,,,,,,,,,
S10_1_47,S10,1,47,1,match,1,brightonly,G:\pictures_verify\transformed_verify\roomBright_figureDark\rain_busy\1_day_rain_busy.jpg,brightness,36.09,,,,,M_1_23_1_match_1_day_rain_busy_BRIGHTONLY_brightness36.090.jpg,Match,2026-01-11T14:52:42.872,1768110762.8723264,119.65814280509947,7179,14359,2026-01-11T14:52:43.625,0.7527098655700684,1,1,t,1,Hit,正解(一致),0,normal_image_name,D:\experiment_images_verify\Bright\S10\1\M_1_23_1_match_1_day_rain_busy_BRIGHTONLY_brightness36.090.jpg,M_1_23_1_match_1_day_rain_busy_BRIGHTONLY_brightness36.090.jpg,True,False,,14359.0,14658.0,0.0,14391.0,14449.0,7.9162642039348885,7.9162642039348885,14381.0,14390.0,14509.0,14518.0,4.780939999999999,4.708133333333334,4.744536666666667,4.70212,4.3636,4.53286,4.6694,4.292,4.482,0.01648629767367912,0.07317832969896089,0.044614823646285065,0.02333014009797213,0.08838605533686411,0.055334521600633985
S10_1_48,S10,1,48,F,filler,1,brightonly,G:\pictures_verify\transformed_verify\roomBright_figureDark\sun_empty\1_day_sun_empty.jpg,brightness,40.55,,,,,M_1_28_F_filler_1_day_sun_empty_BRIGHTONLY_brightness40.550.jpg,Ignore,2026-01-11T14:52:45.461,1768110765.4617844,122.2476007938385,7335,14670,,,F,1,,1,Correct Rejection,正解(スルー成功),1,alphabet_fixed,./fillerpic/0_day_nocar.png,0_day_nocar.png,False,True,front_not_digit,,,,,,,,,,,,,,,,,,,,,,,,,,
