特徴量,Pearson相関係数,Spearman相関係数,Spearman p値,サンプル数
parafovea_c_bandpow_0.25-0.50cpd,-0.3146049600752681,-0.3385125330563921,9.286689410641395e-33,1170
parafovea_c_bandpow_0.50-1.00cpd,-0.30430713250397934,-0.33855799739604453,9.098829635199411e-33,1170
center_c_rms_contrast,0.2943880102992453,0.35188457086844555,1.9626776407664577e-35,1170
periphery_c_glcm_homogeneity,0.2899801368013981,0.3095837490594717,2.0920616352292476e-27,1170
periphery_c_bandpow_0.25-0.50cpd,-0.28988566682901895,-0.3439048449968724,8.031697551454243e-34,1170
periphery_c_glcm_energy,0.28480757486579705,0.3867869854809637,4.756674218348812e-43,1170
parafovea_c_rms_contrast,0.2763084625777944,0.2978789218490629,2.107313172199193e-25,1170
periphery_c_bandpow_0.50-1.00cpd,-0.26253681019655317,-0.34450955517963566,6.085290448745982e-34,1170
parafovea_c_glcm_homogeneity,0.2596577514253962,0.2833442766566754,4.8467333775049525e-23,1170
periphery_c_glcm_dissimilarity,-0.24489030687848728,-0.2748364361765424,1.0107402003518568e-21,1170
parafovea_c_bandpow_1.00-2.00cpd,-0.2446326577712671,-0.3257339517293173,2.5362339022943115e-30,1170
periphery_c_bandpow_1.00-2.00cpd,-0.2297982880246223,-0.32445468650976295,4.382889011140032e-30,1170
parafovea_c_glcm_dissimilarity,-0.2274990743283475,-0.24892813117859733,5.526708334657769e-18,1170
periphery_c_bandpow_2.00-4.00cpd,-0.21331427155012903,-0.28981211843044946,4.4821034739172365e-24,1170
periphery_c_rms_contrast,0.2099771321134328,0.20971002836027527,4.284974272553269e-13,1170
parafovea_c_bandpow_2.00-4.00cpd,-0.20814492622064865,-0.2798829254306355,1.6893711146305596e-22,1170
periphery_c_bandpow_4.00-8.00cpd,-0.20653638905694907,-0.2570646895415357,4.1041690039370033e-19,1170
periphery_c_glcm_contrast,-0.20359394419101015,-0.23637822768779998,2.5455038770506133e-16,1170
parafovea_c_bandpow_4.00-8.00cpd,-0.19801778192916397,-0.24067842145484297,7.022163094056411e-17,1170
parafovea_c_glcm_contrast,-0.19520087993685398,-0.2229761375576276,1.1989667599140173e-14,1170
parafovea_c_glcm_energy,0.19327227477196252,0.37479382534655276,2.5142961187500974e-40,1170
center_c_bandpow_0.50-1.00cpd,0.17561785455976922,0.16799581491392637,7.4110738230253546e-09,1170
center_c_bandpow_0.25-0.50cpd,0.15999046757228153,0.14185087507101707,1.107468816622695e-06,1170
center_c_glcm_homogeneity,0.1373726015308539,0.15317956504028696,1.4015293764853274e-07,1170
center_c_glcm_dissimilarity,-0.1264986874345965,-0.11527124429310204,7.75498870110729e-05,1170
center_c_glcm_energy,0.12032779139265708,0.3104598366948077,1.4687378313746049e-27,1170
center_c_bandpow_4.00-8.00cpd,-0.11998577912599281,-0.09328014020623202,0.001402054366554702,1170
center_c_bandpow_2.00-4.00cpd,-0.11494411341073872,-0.08637742767804683,0.003107162501162591,1170
center_c_glcm_contrast,-0.10346118697712331,-0.07072096414043856,0.015543000922477793,1170
center_c_local_rms_mean,0.0971782482819313,0.14011293550326856,1.5000550154395913e-06,1170
periphery_c_local_rms_mean,0.08137911756075712,0.0711999880513381,0.014854665545023384,1170
parafovea_c_local_rms_mean,0.07921229103734793,0.07419559203257342,0.011127578172073724,1170
center_c_glcm_correlation,0.07264363296060197,0.01024581751025763,0.7262670573760676,1170
center_c_bandpow_1.00-2.00cpd,0.06486545921953607,0.05553078730585094,0.05758023537156475,1170
parafovea_c_glcm_correlation,0.044030536820332644,0.02841578171088508,0.3314853208553683,1170
periphery_c_glcm_correlation,-0.0073554324407249525,-0.009019007109738665,0.757949918585828,1170
