trial_id,folder_name,file_name,trial,front,status,back,process,filename,param1,param1_value,param2,param2_value,param3,param3_value,image_name,final_status,Display_Timestamp,Display_Epoch,Elapsed_From_First_Display_s,Frame_60fps,Frame_120fps,Key_Timestamp,Reaction_Time,Front_Char,Back_Char,User_Key,Accuracy,Result_Type,Judgment
S01_3_1,S01,3,1,0,unmatch,2,original,G:\pictures_verify\transformed_verify\roomBright_figureDark\rain_busy\2_day_rain_busy.jpg,,,,,,,M_3_47_0_unmatch_2_day_rain_busy_ORIG.jpg,Mismatch,2026-01-08T10:40:19.381,1767836419.3815336,0.0,0,0,2026-01-08T10:40:20.684,1.3027050495147705,0,2,b,1,Correct Rejection,正解(不一致)
S01_3_2,S01,3,2,U,filler,9,brightonly,G:\pictures_verify\transformed_verify\roomBright_figureDark\sun_busy\9_day_sun_busy.jpg,brightness,45.47,,,,,M_3_23_U_filler_9_day_sun_busy_BRIGHTONLY_brightness45.470.jpg,Ignore,2026-01-08T10:40:24.479,1767836424.479774,5.098240375518799,306,612,,,U,9,None,1,Correct Rejection,正解(スルー成功)
S01_3_3,S01,3,3,5,unmatch,6,original,G:\pictures_verify\transformed_verify\roomBright_figureDark\rain_busy\6_day_rain_busy.jpg,,,,,,,M_3_42_5_unmatch_6_day_rain_busy_ORIG.jpg,Mismatch,2026-01-08T10:40:29.600,1767836429.6001303,10.218596696853638,613,1226,2026-01-08T10:40:30.950,1.3503191471099854,5,6,b,1,Correct Rejection,正解(不一致)
S01_3_4,S01,3,4,A,filler,3,model,G:\pictures_verify\transformed_verify\roomBright_figureDark\rain_busy\3_day_rain_busy.jpg,brightness,23.168,contrast,1.169,gamma,1.078,M_3_30_A_filler_3_day_rain_busy_MODEL_brightness23.168_contrast1.169_gamma1.078.jpg,Ignore,2026-01-08T10:40:34.703,1767836434.703087,15.321553468704224,919,1839,,,A,3,None,1,Correct Rejection,正解(スルー成功)
S01_3_5,S01,3,5,S,filler,0,original,G:\pictures_verify\transformed_verify\roomBright_figureDark\rain_empty\0_day_rain_empty.jpg,,,,,,,M_3_15_S_filler_0_day_rain_empty_ORIG.jpg,Ignore,2026-01-08T10:40:39.803,1767836439.8039389,20.422405242919922,1225,2451,,,S,0,None,1,Correct Rejection,正解(スルー成功)
S01_3_6,S01,3,6,R,filler,2,brightonly,G:\pictures_verify\transformed_verify\roomBright_figureDark\sun_busy\2_day_sun_busy.jpg,brightness,45.47,,,,,M_3_26_R_filler_2_day_sun_busy_BRIGHTONLY_brightness45.470.jpg,Ignore,2026-01-08T10:40:44.901,1767836444.9015036,25.519969940185547,1531,3062,,,R,2,None,1,Correct Rejection,正解(スルー成功)
S01_3_7,S01,3,7,G,filler,1,brightonly,G:\pictures_verify\transformed_verify\roomBright_figureDark\rain_busy\1_day_rain_busy.jpg,brightness,36.09,,,,,M_3_13_G_filler_1_day_rain_busy_BRIGHTONLY_brightness36.090.jpg,Ignore,2026-01-08T10:40:50.001,1767836450.0018344,30.620300769805908,1837,3674,,,G,1,None,1,Correct Rejection,正解(スルー成功)
S01_3_8,S01,3,8,6,match,6,model,G:\pictures_verify\transformed_verify\roomBright_figureDark\rain_empty\6_day_rain_empty.jpg,brightness,22.602,contrast,1.158,gamma,1.045,M_3_22_6_match_6_day_rain_empty_MODEL_brightness22.602_contrast1.158_gamma1.045.jpg,Match,2026-01-08T10:40:55.099,1767836455.0993416,35.71780800819397,2143,4286,2026-01-08T10:40:56.420,1.32151198387146,6,6,t,1,Hit,正解(一致)
S01_3_9,S01,3,9,J,filler,5,brightonly,G:\pictures_verify\transformed_verify\roomBright_figureDark\sun_busy\5_day_sun_busy.jpg,brightness,45.47,,,,,M_3_41_J_filler_5_day_sun_busy_BRIGHTONLY_brightness45.470.jpg,Ignore,2026-01-08T10:41:00.201,1767836460.2018445,40.820310831069946,2449,4898,,,J,5,None,1,Correct Rejection,正解(スルー成功)
S01_3_10,S01,3,10,G,filler,3,original,G:\pictures_verify\transformed_verify\roomBright_figureDark\sun_empty\3_day_sun_empty.jpg,,,,,,,M_3_2_G_filler_3_day_sun_empty_ORIG.jpg,Ignore,2026-01-08T10:41:05.296,1767836465.2966952,45.91516160964966,2755,5510,,,G,3,None,1,Correct Rejection,正解(スルー成功)
S01_3_11,S01,3,11,6,unmatch,5,brightonly,G:\pictures_verify\transformed_verify\roomBright_figureDark\sun_empty\5_day_sun_empty.jpg,brightness,40.55,,,,,M_3_24_6_unmatch_5_day_sun_empty_BRIGHTONLY_brightness40.550.jpg,Mismatch,2026-01-08T10:41:10.401,1767836470.4018512,51.02031755447388,3061,6122,2026-01-08T10:41:11.666,1.2643005847930908,6,5,b,1,Correct Rejection,正解(不一致)
S01_3_12,S01,3,12,I,filler,5,original,G:\pictures_verify\transformed_verify\roomBright_figureDark\rain_busy\5_day_rain_busy.jpg,,,,,,,M_3_39_I_filler_5_day_rain_busy_ORIG.jpg,Ignore,2026-01-08T10:41:15.503,1767836475.5032096,56.121675968170166,3367,6735,,,I,5,None,1,Correct Rejection,正解(スルー成功)
S01_3_13,S01,3,13,Q,filler,8,brightonly,G:\pictures_verify\transformed_verify\roomBright_figureDark\sun_empty\8_day_sun_empty.jpg,brightness,40.55,,,,,M_3_32_Q_filler_8_day_sun_empty_BRIGHTONLY_brightness40.550.jpg,Ignore,2026-01-08T10:41:20.599,1767836480.599998,61.218464374542236,3673,7346,,,Q,8,None,1,Correct Rejection,正解(スルー成功)
S01_3_14,S01,3,14,J,filler,4,model,G:\pictures_verify\transformed_verify\roomBright_figureDark\rain_empty\4_day_rain_empty.jpg,brightness,22.602,contrast,1.158,gamma,1.045,M_3_38_J_filler_4_day_rain_empty_MODEL_brightness22.602_contrast1.158_gamma1.045.jpg,Ignore,2026-01-08T10:41:25.724,1767836485.7243938,66.3428602218628,3981,7961,,,J,4,None,1,Correct Rejection,正解(スルー成功)
S01_3_15,S01,3,15,8,unmatch,6,brightonly,G:\pictures_verify\transformed_verify\roomBright_figureDark\sun_busy\6_day_sun_busy.jpg,brightness,45.47,,,,,M_3_36_8_unmatch_6_day_sun_busy_BRIGHTONLY_brightness45.470.jpg,Mismatch,2026-01-08T10:41:30.852,1767836490.8522115,71.47067785263062,4288,8576,2026-01-08T10:41:32.338,1.4859488010406494,8,6,b,1,Correct Rejection,正解(不一致)
S01_3_16,S01,3,16,C,filler,6,model,G:\pictures_verify\transformed_verify\roomBright_figureDark\sun_busy\6_day_sun_busy.jpg,brightness,25.454,contrast,1.16,gamma,1.064,M_3_40_C_filler_6_day_sun_busy_MODEL_brightness25.454_contrast1.160_gamma1.064.jpg,Ignore,2026-01-08T10:41:35.953,1767836495.9531527,76.57161903381348,4594,9189,,,C,6,None,1,Correct Rejection,正解(スルー成功)
S01_3_17,S01,3,17,0,match,0,brightonly,G:\pictures_verify\transformed_verify\roomBright_figureDark\rain_busy\0_day_rain_busy.jpg,brightness,36.09,,,,,M_3_17_0_match_0_day_rain_busy_BRIGHTONLY_brightness36.090.jpg,Match,2026-01-08T10:41:41.083,1767836501.0830905,81.70155692100525,4902,9804,2026-01-08T10:41:42.561,1.4783995151519775,0,0,t,1,Hit,正解(一致)
S01_3_18,S01,3,18,P,filler,9,brightonly,G:\pictures_verify\transformed_verify\roomBright_figureDark\sun_busy\9_day_sun_busy.jpg,brightness,45.47,,,,,M_3_33_P_filler_9_day_sun_busy_BRIGHTONLY_brightness45.470.jpg,Ignore,2026-01-08T10:41:46.193,1767836506.19351,86.8119764328003,5209,10417,,,P,9,None,1,Correct Rejection,正解(スルー成功)
S01_3_19,S01,3,19,9,match,9,original,G:\pictures_verify\transformed_verify\roomBright_figureDark\sun_busy\9_day_sun_busy.jpg,,,,,,,M_3_9_9_match_9_day_sun_busy_ORIG.jpg,Match,2026-01-08T10:41:51.325,1767836511.325152,91.9436182975769,5517,11033,2026-01-08T10:41:52.848,1.5234131813049316,9,9,t,1,Hit,正解(一致)
S01_3_20,S01,3,20,C,filler,7,original,G:\pictures_verify\transformed_verify\roomBright_figureDark\sun_empty\7_day_sun_empty.jpg,,,,,,,M_3_45_C_filler_7_day_sun_empty_ORIG.jpg,Ignore,2026-01-08T10:41:56.423,1767836516.423073,97.04153943061829,5822,11645,,,C,7,None,1,Correct Rejection,正解(スルー成功)
S01_3_21,S01,3,21,J,filler,8,model,G:\pictures_verify\transformed_verify\roomBright_figureDark\sun_empty\8_day_sun_empty.jpg,brightness,18.052,contrast,1.163,gamma,1.019,M_3_25_J_filler_8_day_sun_empty_MODEL_brightness18.052_contrast1.163_gamma1.019.jpg,Ignore,2026-01-08T10:42:01.523,1767836521.5234587,102.14192509651184,6129,12257,,,J,8,None,1,Correct Rejection,正解(スルー成功)
S01_3_22,S01,3,22,F,filler,6,original,G:\pictures_verify\transformed_verify\roomBright_figureDark\rain_busy\6_day_rain_busy.jpg,,,,,,,M_3_11_F_filler_6_day_rain_busy_ORIG.jpg,Ignore,2026-01-08T10:42:06.653,1767836526.653537,107.2720034122467,6436,12873,,,F,6,None,1,Correct Rejection,正解(スルー成功)
S01_3_23,S01,3,23,B,filler,5,brightonly,G:\pictures_verify\transformed_verify\roomBright_figureDark\rain_empty\5_day_rain_empty.jpg,brightness,35.62,,,,,M_3_10_B_filler_5_day_rain_empty_BRIGHTONLY_brightness35.620.jpg,Ignore,2026-01-08T10:42:11.755,1767836531.755462,112.37392830848694,6742,13485,,,B,5,None,1,Correct Rejection,正解(スルー成功)
S01_3_24,S01,3,24,9,match,9,brightonly,G:\pictures_verify\transformed_verify\roomBright_figureDark\sun_busy\9_day_sun_busy.jpg,brightness,45.47,,,,,M_3_3_9_match_9_day_sun_busy_BRIGHTONLY_brightness45.470.jpg,Match,2026-01-08T10:42:16.847,1767836536.8471293,117.46559572219849,7048,14096,2026-01-08T10:42:18.925,2.0787277221679688,9,9,t,1,Hit,正解(一致)
S01_3_25,S01,3,25,D,filler,6,model,G:\pictures_verify\transformed_verify\roomBright_figureDark\sun_busy\6_day_sun_busy.jpg,brightness,25.454,contrast,1.16,gamma,1.064,M_3_46_D_filler_6_day_sun_busy_MODEL_brightness25.454_contrast1.160_gamma1.064.jpg,Ignore,2026-01-08T10:42:21.941,1767836541.941798,122.56026434898376,7354,14707,,,D,6,None,1,Correct Rejection,正解(スルー成功)
S01_3_26,S01,3,26,7,match,7,brightonly,G:\pictures_verify\transformed_verify\roomBright_figureDark\sun_empty\7_day_sun_empty.jpg,brightness,40.55,,,,,M_3_20_7_match_7_day_sun_empty_BRIGHTONLY_brightness40.550.jpg,Match,2026-01-08T10:42:27.046,1767836547.0464072,127.6648736000061,7660,15320,2026-01-08T10:42:28.332,1.2856557369232178,7,7,t,1,Hit,正解(一致)
S01_3_27,S01,3,27,E,filler,6,original,G:\pictures_verify\transformed_verify\roomBright_figureDark\sun_empty\6_day_sun_empty.jpg,,,,,,,M_3_19_E_filler_6_day_sun_empty_ORIG.jpg,Ignore,2026-01-08T10:42:32.142,1767836552.1428175,132.76128387451172,7966,15931,,,E,6,None,1,Correct Rejection,正解(スルー成功)
S01_3_28,S01,3,28,2,unmatch,8,model,G:\pictures_verify\transformed_verify\roomBright_figureDark\rain_empty\8_day_rain_empty.jpg,brightness,22.602,contrast,1.158,gamma,1.045,M_3_12_2_unmatch_8_day_rain_empty_MODEL_brightness22.602_contrast1.158_gamma1.045.jpg,Mismatch,2026-01-08T10:42:37.238,1767836557.2381787,137.8566451072693,8271,16543,2026-01-08T10:42:38.907,1.6692416667938232,2,8,b,1,Correct Rejection,正解(不一致)
S01_3_29,S01,3,29,Q,filler,2,original,G:\pictures_verify\transformed_verify\roomBright_figureDark\rain_empty\2_day_rain_empty.jpg,,,,,,,M_3_18_Q_filler_2_day_rain_empty_ORIG.jpg,Ignore,2026-01-08T10:42:42.332,1767836562.3322544,142.95072078704834,8577,17154,,,Q,2,None,1,Correct Rejection,正解(スルー成功)
S01_3_30,S01,3,30,S,filler,3,brightonly,G:\pictures_verify\transformed_verify\roomBright_figureDark\rain_busy\3_day_rain_busy.jpg,brightness,36.09,,,,,M_3_8_S_filler_3_day_rain_busy_BRIGHTONLY_brightness36.090.jpg,Ignore,2026-01-08T10:42:47.440,1767836567.4400759,148.0585422515869,8884,17767,,,S,3,None,1,Correct Rejection,正解(スルー成功)
S01_3_31,S01,3,31,4,unmatch,0,model,G:\pictures_verify\transformed_verify\roomBright_figureDark\sun_empty\0_day_sun_empty.jpg,brightness,18.052,contrast,1.163,gamma,1.019,M_3_7_4_unmatch_0_day_sun_empty_MODEL_brightness18.052_contrast1.163_gamma1.019.jpg,Mismatch,2026-01-08T10:42:52.558,1767836572.558378,153.1768443584442,9191,18381,2026-01-08T10:42:53.887,1.3293607234954834,4,0,b,1,Correct Rejection,正解(不一致)
S01_3_32,S01,3,32,J,filler,8,model,G:\pictures_verify\transformed_verify\roomBright_figureDark\rain_busy\8_day_rain_busy.jpg,brightness,23.168,contrast,1.169,gamma,1.078,M_3_43_J_filler_8_day_rain_busy_MODEL_brightness23.168_contrast1.169_gamma1.078.jpg,Ignore,2026-01-08T10:42:57.657,1767836577.6573966,158.2758629322052,9497,18993,,,J,8,None,1,Correct Rejection,正解(スルー成功)
S01_3_33,S01,3,33,C,filler,2,brightonly,G:\pictures_verify\transformed_verify\roomBright_figureDark\sun_busy\2_day_sun_busy.jpg,brightness,45.47,,,,,M_3_6_C_filler_2_day_sun_busy_BRIGHTONLY_brightness45.470.jpg,Ignore,2026-01-08T10:43:02.750,1767836582.7505786,163.36904501914978,9802,19604,,,C,2,None,1,Correct Rejection,正解(スルー成功)
S01_3_34,S01,3,34,R,filler,7,model,G:\pictures_verify\transformed_verify\roomBright_figureDark\rain_busy\7_day_rain_busy.jpg,brightness,23.168,contrast,1.169,gamma,1.078,M_3_48_R_filler_7_day_rain_busy_MODEL_brightness23.168_contrast1.169_gamma1.078.jpg,Ignore,2026-01-08T10:43:07.849,1767836587.8490112,168.46747756004333,10108,20216,,,R,7,None,1,Correct Rejection,正解(スルー成功)
S01_3_35,S01,3,35,C,filler,2,original,G:\pictures_verify\transformed_verify\roomBright_figureDark\rain_empty\2_day_rain_empty.jpg,,,,,,,M_3_4_C_filler_2_day_rain_empty_ORIG.jpg,Ignore,2026-01-08T10:43:12.950,1767836592.9502032,173.5686695575714,10414,20828,,,C,2,None,1,Correct Rejection,正解(スルー成功)
S01_3_36,S01,3,36,6,match,6,original,G:\pictures_verify\transformed_verify\roomBright_figureDark\sun_empty\6_day_sun_empty.jpg,,,,,,,M_3_31_6_match_6_day_sun_empty_ORIG.jpg,Match,2026-01-08T10:43:18.044,1767836598.0447247,178.66319108009338,10720,21440,2026-01-08T10:43:19.534,1.4902653694152832,6,6,t,1,Hit,正解(一致)
S01_3_37,S01,3,37,G,filler,5,model,G:\pictures_verify\transformed_verify\roomBright_figureDark\sun_empty\5_day_sun_empty.jpg,brightness,18.052,contrast,1.163,gamma,1.019,M_3_35_G_filler_5_day_sun_empty_MODEL_brightness18.052_contrast1.163_gamma1.019.jpg,Ignore,2026-01-08T10:43:23.141,1767836603.1413422,183.75980854034424,11026,22051,,,G,5,None,1,Correct Rejection,正解(スルー成功)
S01_3_38,S01,3,38,9,unmatch,7,model,G:\pictures_verify\transformed_verify\roomBright_figureDark\sun_busy\7_day_sun_busy.jpg,brightness,25.454,contrast,1.16,gamma,1.064,M_3_44_9_unmatch_7_day_sun_busy_MODEL_brightness25.454_contrast1.160_gamma1.064.jpg,Mismatch,2026-01-08T10:43:28.239,1767836608.2390416,188.85750794410706,11331,22663,2026-01-08T10:43:29.556,1.3174996376037598,9,7,b,1,Correct Rejection,正解(不一致)
S01_3_39,S01,3,39,B,filler,1,original,G:\pictures_verify\transformed_verify\roomBright_figureDark\rain_busy\1_day_rain_busy.jpg,,,,,,,M_3_14_B_filler_1_day_rain_busy_ORIG.jpg,Ignore,2026-01-08T10:43:33.336,1767836613.336734,193.95520043373108,11637,23275,,,B,1,None,1,Correct Rejection,正解(スルー成功)
S01_3_40,S01,3,40,4,match,4,model,G:\pictures_verify\transformed_verify\roomBright_figureDark\rain_empty\4_day_rain_empty.jpg,brightness,22.602,contrast,1.158,gamma,1.045,M_3_1_4_match_4_day_rain_empty_MODEL_brightness22.602_contrast1.158_gamma1.045.jpg,Match,2026-01-08T10:43:38.440,1767836618.4404283,199.05889463424683,11944,23887,2026-01-08T10:43:39.634,1.1937928199768066,4,4,t,1,Hit,正解(一致)
S01_3_41,S01,3,41,A,filler,2,original,G:\pictures_verify\transformed_verify\roomBright_figureDark\sun_busy\2_day_sun_busy.jpg,,,,,,,M_3_5_A_filler_2_day_sun_busy_ORIG.jpg,Ignore,2026-01-08T10:43:43.528,1767836623.5289204,204.1473867893219,12249,24498,,,A,2,None,1,Correct Rejection,正解(スルー成功)
S01_3_42,S01,3,42,I,filler,3,model,G:\pictures_verify\transformed_verify\roomBright_figureDark\rain_empty\3_day_rain_empty.jpg,brightness,22.602,contrast,1.158,gamma,1.045,M_3_16_I_filler_3_day_rain_empty_MODEL_brightness22.602_contrast1.158_gamma1.045.jpg,Ignore,2026-01-08T10:43:48.612,1767836628.612317,209.2307834625244,12554,25108,,,I,3,None,1,Correct Rejection,正解(スルー成功)
S01_3_43,S01,3,43,5,unmatch,3,original,G:\pictures_verify\transformed_verify\roomBright_figureDark\rain_empty\3_day_rain_empty.jpg,,,,,,,M_3_27_5_unmatch_3_day_rain_empty_ORIG.jpg,Mismatch,2026-01-08T10:43:53.734,1767836633.7343986,214.35286498069763,12861,25722,2026-01-08T10:43:55.243,1.5093097686767578,5,3,b,1,Correct Rejection,正解(不一致)
S01_3_44,S01,3,44,J,filler,3,original,G:\pictures_verify\transformed_verify\roomBright_figureDark\sun_empty\3_day_sun_empty.jpg,,,,,,,M_3_28_J_filler_3_day_sun_empty_ORIG.jpg,Ignore,2026-01-08T10:43:58.831,1767836638.8312888,219.44975519180298,13167,26334,,,J,3,None,1,Correct Rejection,正解(スルー成功)
S01_3_45,S01,3,45,D,filler,5,model,G:\pictures_verify\transformed_verify\roomBright_figureDark\rain_empty\5_day_rain_empty.jpg,brightness,22.602,contrast,1.158,gamma,1.045,M_3_29_D_filler_5_day_rain_empty_MODEL_brightness22.602_contrast1.158_gamma1.045.jpg,Ignore,2026-01-08T10:44:03.936,1767836643.9368727,224.55533909797668,13473,26947,,,D,5,None,1,Correct Rejection,正解(スルー成功)
S01_3_46,S01,3,46,F,filler,0,brightonly,G:\pictures_verify\transformed_verify\roomBright_figureDark\rain_empty\0_day_rain_empty.jpg,brightness,35.62,,,,,M_3_21_F_filler_0_day_rain_empty_BRIGHTONLY_brightness35.620.jpg,Ignore,2026-01-08T10:44:09.024,1767836649.024494,229.6429603099823,13779,27557,,,F,0,None,1,Correct Rejection,正解(スルー成功)
S01_3_47,S01,3,47,E,filler,8,brightonly,G:\pictures_verify\transformed_verify\roomBright_figureDark\sun_empty\8_day_sun_empty.jpg,brightness,40.55,,,,,M_3_37_E_filler_8_day_sun_empty_BRIGHTONLY_brightness40.550.jpg,Ignore,2026-01-08T10:44:14.119,1767836654.1191282,234.7375946044922,14084,28169,,,E,8,None,1,Correct Rejection,正解(スルー成功)
S01_3_48,S01,3,48,7,match,7,model,G:\pictures_verify\transformed_verify\roomBright_figureDark\rain_busy\7_day_rain_busy.jpg,brightness,23.168,contrast,1.169,gamma,1.078,M_3_34_7_match_7_day_rain_busy_MODEL_brightness23.168_contrast1.169_gamma1.078.jpg,Match,2026-01-08T10:44:19.198,1767836659.1988354,239.8173017501831,14389,28778,2026-01-08T10:44:20.760,1.5617897510528564,7,7,t,1,Hit,正解(一致)
