trial_id,folder_name,file_name,trial,front,status,back,process,filename,param1,param1_value,param2,param2_value,param3,param3_value,image_name,final_status,Display_Timestamp,Display_Epoch,Elapsed_From_First_Display_s,Frame_60fps,Frame_120fps,Key_Timestamp,Reaction_Time,Front_Char,Back_Char,User_Key,Accuracy,Result_Type,Judgment,Is_Alphabet_Trial,Back_Image_Source,Back_Image_Path,Back_Image_Name_Used,FrontIsDigit_inferred,Skip_Task,Skip_Reason,task_start_frame_emr,task_end_frame_emr,diopter_baseline,diopter_onset_frame,diopter_peak_frame,diopter_peak_value,diopter_delta,diopter_descent_frame,baseline_frame_start,baseline_frame_end,miosis_frame_start,miosis_frame_end,pupil_left_baseline,pupil_right_baseline,pupil_both_baseline,pupil_left_miosis_mean,pupil_right_miosis_mean,pupil_both_miosis_mean,pupil_left_miosis_min,pupil_right_miosis_min,pupil_both_miosis_min,pupil_left_miosis_min_frame,pupil_right_miosis_min_frame,pupil_both_miosis_min_frame,pupil_left_change_rate_mean,pupil_right_change_rate_mean,pupil_both_change_rate_mean,pupil_left_change_rate_min,pupil_right_change_rate_min,pupil_both_change_rate_min
S106_7_1,S106,7,1,0,unmatch,5,original,G:\pictures_verify\transformed_verify\roomDark_figureBright\sun_busy\5_night_sun_busy.jpg,,,,,,,M_7_29_0_unmatch_5_night_sun_busy_ORIG.jpg,Mismatch,2026-01-09T20:46:13.231,1767959173.231717,0.0,0,0,2026-01-09T20:46:14.903,1.6714529991149902,0,5,b,1,Correct Rejection,正解(不一致),0,normal_image_name,D:\experiment_images_verify\Dark\S106\7\M_7_29_0_unmatch_5_night_sun_busy_ORIG.jpg,M_7_29_0_unmatch_5_night_sun_busy_ORIG.jpg,True,True,baseline_window_before_emr_start,0.0,299.0,0.0,69.0,240.0,2.189737170074478,2.189737170074478,,,,,,,,,,,,,,,,,,,,,,,
S106_7_2,S106,7,2,F,filler,2,model,G:\pictures_verify\transformed_verify\roomDark_figureBright\sun_empty\2_night_sun_empty.jpg,gamma,0.82,sharpness,0.261,equalization,21.021,M_7_32_F_filler_2_night_sun_empty_MODEL_gamma0.820_sharpness0.261_equalization21.021.jpg,Ignore,2026-01-09T20:46:15.826,1767959175.826626,2.5949089527130127,156,311,,,F,2,,1,Correct Rejection,正解(スルー成功),1,alphabet_fixed,./0_night_nocar.png,0_night_nocar.png,False,True,front_not_digit,,,,,,,,,,,,,,,,,,,,,,,,,,,,,,
S106_7_3,S106,7,3,3,match,3,brightonly,G:\pictures_verify\transformed_verify\roomDark_figureBright\sun_empty\3_night_sun_empty.jpg,brightness,46.88,,,,,M_7_14_3_match_3_night_sun_empty_BRIGHTONLY_brightness46.880.jpg,Match,2026-01-09T20:46:18.415,1767959178.4153666,5.18364953994751,311,622,2026-01-09T20:46:19.980,1.5649516582489014,3,3,t,1,Hit,正解(一致),0,normal_image_name,D:\experiment_images_verify\Dark\S106\7\M_7_14_3_match_3_night_sun_empty_BRIGHTONLY_brightness46.880.jpg,M_7_14_3_match_3_night_sun_empty_BRIGHTONLY_brightness46.880.jpg,True,False,,622.0,921.0,0.0,704.0,725.0,2.193350361567124,2.193350361567124,854.0,502.0,621.0,704.0,854.0,4.820155277777777,4.812579722222222,4.8163675,4.2271119205298024,4.025836203090508,4.126474061810155,3.9274999999999998,3.5006,3.7319500000000003,776.0,850.0,775.0,0.12303407734229344,0.16347646471161895,0.14323936829775655,0.1851922243860401,0.27261464701854576,0.22515256570434042
S106_7_4,S106,7,4,S,filler,5,brightonly,G:\pictures_verify\transformed_verify\roomDark_figureBright\rain_emtpy\5_night_rain_empty.jpg,brightness,35.62,,,,,M_7_1_S_filler_5_night_rain_empty_BRIGHTONLY_brightness35.620.jpg,Ignore,2026-01-09T20:46:21.005,1767959181.0050724,7.77335524559021,466,933,,,S,5,,1,Correct Rejection,正解(スルー成功),1,alphabet_fixed,./0_night_nocar.png,0_night_nocar.png,False,True,front_not_digit,,,,,,,,,,,,,,,,,,,,,,,,,,,,,,
S106_7_5,S106,7,5,9,unmatch,0,original,G:\pictures_verify\transformed_verify\roomDark_figureBright\sun_empty\0_night_sun_empty.jpg,,,,,,,M_7_33_9_unmatch_0_night_sun_empty_ORIG.jpg,Mismatch,2026-01-09T20:46:23.626,1767959183.6266398,10.394922733306885,624,1247,2026-01-09T20:46:25.096,1.4702301025390625,9,0,b,1,Correct Rejection,正解(不一致),0,normal_image_name,D:\experiment_images_verify\Dark\S106\7\M_7_33_9_unmatch_0_night_sun_empty_ORIG.jpg,M_7_33_9_unmatch_0_night_sun_empty_ORIG.jpg,True,False,,1247.0,1546.0,0.0,1306.0,1380.0,2.1905321695679447,2.1905321695679447,1456.0,1127.0,1246.0,1306.0,1456.0,5.190056388888889,5.1739425,5.181999444444444,4.8491463576158935,4.718234878587196,4.783690618101545,4.5842,4.4559999999999995,4.542400000000001,1370.0,1399.0,1396.0,0.06568522685087423,0.08807744218510434,0.07686392687091484,0.11673406674076497,0.13876120579229484,0.12342715419048336
S106_7_6,S106,7,6,E,filler,6,model,G:\pictures_verify\transformed_verify\roomDark_figureBright\rain_emtpy\6_night_rain_empty.jpg,gamma,0.748,contrast,0.89,equalization,9.124,M_7_36_E_filler_6_night_rain_empty_MODEL_gamma0.748_contrast0.890_equalization9.124.jpg,Ignore,2026-01-09T20:46:26.219,1767959186.219843,12.988125801086426,779,1559,,,E,6,,1,Correct Rejection,正解(スルー成功),1,alphabet_fixed,./0_night_nocar.png,0_night_nocar.png,False,True,front_not_digit,,,,,,,,,,,,,,,,,,,,,,,,,,,,,,
S106_7_7,S106,7,7,J,filler,7,original,G:\pictures_verify\transformed_verify\roomDark_figureBright\sun_empty\7_night_sun_empty.jpg,,,,,,,M_7_9_J_filler_7_night_sun_empty_ORIG.jpg,Ignore,2026-01-09T20:46:28.824,1767959188.8243322,15.592615127563477,936,1871,,,J,7,,1,Correct Rejection,正解(スルー成功),1,alphabet_fixed,./0_night_nocar.png,0_night_nocar.png,False,True,front_not_digit,,,,,,,,,,,,,,,,,,,,,,,,,,,,,,
S106_7_8,S106,7,8,1,match,1,brightonly,G:\pictures_verify\transformed_verify\roomDark_figureBright\sun_empty\1_night_sun_empty.jpg,brightness,46.88,,,,,M_7_17_1_match_1_night_sun_empty_BRIGHTONLY_brightness46.880.jpg,Match,2026-01-09T20:46:31.412,1767959191.4122756,18.180558443069454,1091,2182,2026-01-09T20:46:32.980,1.568203687667847,1,1,t,1,Hit,正解(一致),0,normal_image_name,D:\experiment_images_verify\Dark\S106\7\M_7_17_1_match_1_night_sun_empty_BRIGHTONLY_brightness46.880.jpg,M_7_17_1_match_1_night_sun_empty_BRIGHTONLY_brightness46.880.jpg,True,False,,2182.0,2481.0,0.0,2268.0,2289.0,2.196267755122765,2.196267755122765,2418.0,2062.0,2181.0,2268.0,2418.0,5.259153333333334,5.312868333333333,5.286010833333334,3.985395364238411,3.881419646799117,3.9334075055187645,3.6936,3.3638,3.6091,2345.0,2389.0,2387.0,0.24219829473722437,0.2694304840105297,0.25588357089340735,0.2976816293623943,0.36685801549131813,0.31723560284039026
S106_7_9,S106,7,9,T,filler,0,original,G:\pictures_verify\transformed_verify\roomDark_figureBright\sun_busy\0_night_sun_busy.jpg,,,,,,,M_7_25_T_filler_0_night_sun_busy_ORIG.jpg,Ignore,2026-01-09T20:46:33.999,1767959193.9997556,20.768038511276245,1246,2492,,,T,0,,1,Correct Rejection,正解(スルー成功),1,alphabet_fixed,./0_night_nocar.png,0_night_nocar.png,False,True,front_not_digit,,,,,,,,,,,,,,,,,,,,,,,,,,,,,,
S106_7_10,S106,7,10,S,filler,0,model,G:\pictures_verify\transformed_verify\roomDark_figureBright\sun_empty\0_night_sun_empty.jpg,gamma,0.82,sharpness,0.261,equalization,21.021,M_7_15_S_filler_0_night_sun_empty_MODEL_gamma0.820_sharpness0.261_equalization21.021.jpg,Ignore,2026-01-09T20:46:36.589,1767959196.5895424,23.35782527923584,1401,2803,,,S,0,,1,Correct Rejection,正解(スルー成功),1,alphabet_fixed,./0_night_nocar.png,0_night_nocar.png,False,True,front_not_digit,,,,,,,,,,,,,,,,,,,,,,,,,,,,,,
S106_7_11,S106,7,11,7,unmatch,3,model,G:\pictures_verify\transformed_verify\roomDark_figureBright\rain_busy\3_night_rain_busy.jpg,gamma,0.705,contrast,0.856,equalization,8.372,M_7_35_7_unmatch_3_night_rain_busy_MODEL_gamma0.705_contrast0.856_equalization8.372.jpg,Mismatch,2026-01-09T20:46:39.179,1767959199.1794317,25.94771456718445,1557,3114,2026-01-09T20:46:40.850,1.671006679534912,7,3,b,1,Correct Rejection,正解(不一致),0,normal_image_name,D:\experiment_images_verify\Dark\S106\7\M_7_35_7_unmatch_3_night_rain_busy_MODEL_gamma0.705_contrast0.856_equalization8.372.jpg,M_7_35_7_unmatch_3_night_rain_busy_MODEL_gamma0.705_contrast0.856_equalization8.372.jpg,True,False,,3114.0,3413.0,0.0,3221.0,3331.0,2.173835118309889,2.173835118309889,3371.0,2994.0,3113.0,3221.0,3371.0,5.409455555555555,5.4387275,5.424091527777778,3.6752715231788073,3.66292472406181,3.669098123620309,3.472,3.4442,3.4648,3317.0,3313.0,3309.0,0.32058383964273934,0.32651070970887763,0.3235552709923537,0.3581609157627281,0.3667268676358578,0.36122021867512427
S106_7_12,S106,7,12,L,filler,5,brightonly,G:\pictures_verify\transformed_verify\roomDark_figureBright\rain_busy\5_night_rain_busy.jpg,brightness,45.47,,,,,M_7_5_L_filler_5_night_rain_busy_BRIGHTONLY_brightness45.470.jpg,Ignore,2026-01-09T20:46:41.766,1767959201.7665968,28.53487968444824,1712,3424,,,L,5,,1,Correct Rejection,正解(スルー成功),1,alphabet_fixed,./0_night_nocar.png,0_night_nocar.png,False,True,front_not_digit,,,,,,,,,,,,,,,,,,,,,,,,,,,,,,
S106_7_13,S106,7,13,D,filler,8,brightonly,G:\pictures_verify\transformed_verify\roomDark_figureBright\rain_emtpy\8_night_rain_empty.jpg,brightness,35.62,,,,,M_7_7_D_filler_8_night_rain_empty_BRIGHTONLY_brightness35.620.jpg,Ignore,2026-01-09T20:46:44.355,1767959204.35562,31.123903036117557,1867,3735,,,D,8,,1,Correct Rejection,正解(スルー成功),1,alphabet_fixed,./0_night_nocar.png,0_night_nocar.png,False,True,front_not_digit,,,,,,,,,,,,,,,,,,,,,,,,,,,,,,
S106_7_14,S106,7,14,G,filler,8,original,G:\pictures_verify\transformed_verify\roomDark_figureBright\sun_busy\8_night_sun_busy.jpg,,,,,,,M_7_12_G_filler_8_night_sun_busy_ORIG.jpg,Ignore,2026-01-09T20:46:46.949,1767959206.9494286,33.717711448669434,2023,4046,,,G,8,,1,Correct Rejection,正解(スルー成功),1,alphabet_fixed,./0_night_nocar.png,0_night_nocar.png,False,True,front_not_digit,,,,,,,,,,,,,,,,,,,,,,,,,,,,,,
S106_7_15,S106,7,15,4,match,4,brightonly,G:\pictures_verify\transformed_verify\roomDark_figureBright\rain_busy\4_night_rain_busy.jpg,brightness,45.47,,,,,M_7_11_4_match_4_night_rain_busy_BRIGHTONLY_brightness45.470.jpg,Match,2026-01-09T20:46:49.538,1767959209.5388446,36.307127475738525,2178,4357,2026-01-09T20:46:51.067,1.5283215045928955,4,4,t,1,Hit,正解(一致),0,normal_image_name,D:\experiment_images_verify\Dark\S106\7\M_7_11_4_match_4_night_rain_busy_BRIGHTONLY_brightness45.470.jpg,M_7_11_4_match_4_night_rain_busy_BRIGHTONLY_brightness45.470.jpg,True,False,,4357.0,4656.0,0.0,4461.0,4521.0,2.1702244585614285,2.1702244585614285,4611.0,4237.0,4356.0,4461.0,4611.0,5.774905,5.739365833333333,5.757135416666667,3.753196688741722,3.702560264900663,3.7278784768211923,3.5308,3.431,3.4981,4548.0,4534.0,4534.0,0.3500851202328486,0.3548833839103311,0.3524768470741301,0.3885960028779694,0.40219876208739086,0.3923887928928776
S106_7_16,S106,7,16,F,filler,8,original,G:\pictures_verify\transformed_verify\roomDark_figureBright\rain_emtpy\8_night_rain_empty.jpg,,,,,,,M_7_30_F_filler_8_night_rain_empty_ORIG.jpg,Ignore,2026-01-09T20:46:52.143,1767959212.1438894,38.91217231750488,2335,4669,,,F,8,,1,Correct Rejection,正解(スルー成功),1,alphabet_fixed,./0_night_nocar.png,0_night_nocar.png,False,True,front_not_digit,,,,,,,,,,,,,,,,,,,,,,,,,,,,,,
S106_7_17,S106,7,17,L,filler,8,model,G:\pictures_verify\transformed_verify\roomDark_figureBright\sun_empty\8_night_sun_empty.jpg,gamma,0.82,sharpness,0.261,equalization,21.021,M_7_46_L_filler_8_night_sun_empty_MODEL_gamma0.820_sharpness0.261_equalization21.021.jpg,Ignore,2026-01-09T20:46:54.747,1767959214.747839,41.51612186431885,2491,4982,,,L,8,,1,Correct Rejection,正解(スルー成功),1,alphabet_fixed,./0_night_nocar.png,0_night_nocar.png,False,True,front_not_digit,,,,,,,,,,,,,,,,,,,,,,,,,,,,,,
S106_7_18,S106,7,18,U,filler,4,brightonly,G:\pictures_verify\transformed_verify\roomDark_figureBright\sun_busy\4_night_sun_busy.jpg,brightness,43.12,,,,,M_7_39_U_filler_4_night_sun_busy_BRIGHTONLY_brightness43.120.jpg,Ignore,2026-01-09T20:46:57.335,1767959217.3354688,44.10375165939331,2646,5292,,,U,4,,1,Correct Rejection,正解(スルー成功),1,alphabet_fixed,./0_night_nocar.png,0_night_nocar.png,False,True,front_not_digit,,,,,,,,,,,,,,,,,,,,,,,,,,,,,,
S106_7_19,S106,7,19,I,filler,3,original,G:\pictures_verify\transformed_verify\roomDark_figureBright\sun_empty\3_night_sun_empty.jpg,,,,,,,M_7_41_I_filler_3_night_sun_empty_ORIG.jpg,Ignore,2026-01-09T20:46:59.934,1767959219.9343915,46.70267462730408,2802,5604,,,I,3,,1,Correct Rejection,正解(スルー成功),1,alphabet_fixed,./0_night_nocar.png,0_night_nocar.png,False,True,front_not_digit,,,,,,,,,,,,,,,,,,,,,,,,,,,,,,
S106_7_20,S106,7,20,R,filler,7,model,G:\pictures_verify\transformed_verify\roomDark_figureBright\rain_emtpy\7_night_rain_empty.jpg,gamma,0.748,contrast,0.89,equalization,9.124,M_7_10_R_filler_7_night_rain_empty_MODEL_gamma0.748_contrast0.890_equalization9.124.jpg,Ignore,2026-01-09T20:47:02.562,1767959222.562433,49.3307158946991,2960,5920,,,R,7,,1,Correct Rejection,正解(スルー成功),1,alphabet_fixed,./0_night_nocar.png,0_night_nocar.png,False,True,front_not_digit,,,,,,,,,,,,,,,,,,,,,,,,,,,,,,
S106_7_21,S106,7,21,2,match,2,original,G:\pictures_verify\transformed_verify\roomDark_figureBright\rain_emtpy\2_night_rain_empty.jpg,,,,,,,M_7_40_2_match_2_night_rain_empty_ORIG.jpg,Match,2026-01-09T20:47:05.165,1767959225.1656876,51.93397045135498,3116,6232,2026-01-09T20:47:06.665,1.499687671661377,2,2,t,1,Hit,正解(一致),0,normal_image_name,D:\experiment_images_verify\Dark\S106\7\M_7_40_2_match_2_night_rain_empty_ORIG.jpg,M_7_40_2_match_2_night_rain_empty_ORIG.jpg,True,False,,6232.0,6531.0,0.0,6310.0,6374.0,2.186719749974562,2.186719749974562,6460.0,6112.0,6231.0,6310.0,6460.0,5.0179358333333335,4.989744166666666,5.003839999999999,4.583997350993378,4.43036821192053,4.507182781456953,4.3004,4.1984,4.2586,6363.0,6380.0,6385.0,0.08647748730810247,0.11210513726995755,0.09925521570294948,0.14299422255798083,0.15859413633932118,0.1489336189806227
S106_7_22,S106,7,22,C,filler,0,model,G:\pictures_verify\transformed_verify\roomDark_figureBright\rain_busy\0_night_rain_busy.jpg,gamma,0.705,contrast,0.856,equalization,8.372,M_7_21_C_filler_0_night_rain_busy_MODEL_gamma0.705_contrast0.856_equalization8.372.jpg,Ignore,2026-01-09T20:47:07.766,1767959227.7666998,54.534982681274414,3272,6544,,,C,0,,1,Correct Rejection,正解(スルー成功),1,alphabet_fixed,./0_night_nocar.png,0_night_nocar.png,False,True,front_not_digit,,,,,,,,,,,,,,,,,,,,,,,,,,,,,,
S106_7_23,S106,7,23,F,filler,7,original,G:\pictures_verify\transformed_verify\roomDark_figureBright\sun_empty\7_night_sun_empty.jpg,,,,,,,M_7_44_F_filler_7_night_sun_empty_ORIG.jpg,Ignore,2026-01-09T20:47:10.359,1767959230.3590963,57.12737941741944,3428,6855,,,F,7,,1,Correct Rejection,正解(スルー成功),1,alphabet_fixed,./0_night_nocar.png,0_night_nocar.png,False,True,front_not_digit,,,,,,,,,,,,,,,,,,,,,,,,,,,,,,
S106_7_24,S106,7,24,1,unmatch,8,model,G:\pictures_verify\transformed_verify\roomDark_figureBright\rain_busy\8_night_rain_busy.jpg,gamma,0.705,contrast,0.856,equalization,8.372,M_7_43_1_unmatch_8_night_rain_busy_MODEL_gamma0.705_contrast0.856_equalization8.372.jpg,Mismatch,2026-01-09T20:47:12.963,1767959232.96362,59.731902837753296,3584,7168,2026-01-09T20:47:14.516,1.5525450706481934,1,8,b,1,Correct Rejection,正解(不一致),0,normal_image_name,D:\experiment_images_verify\Dark\S106\7\M_7_43_1_unmatch_8_night_rain_busy_MODEL_gamma0.705_contrast0.856_equalization8.372.jpg,M_7_43_1_unmatch_8_night_rain_busy_MODEL_gamma0.705_contrast0.856_equalization8.372.jpg,True,False,,7168.0,7467.0,0.0,7256.0,7390.0,2.288835782085068,2.288835782085068,7406.0,7048.0,7167.0,7256.0,7406.0,5.442601111111111,5.4007775,5.421689305555555,3.818296026490066,3.7879337748344377,3.8031149006622518,3.5334000000000003,3.5198,3.5451,7377.0,7406.0,7374.0,0.29844279443977884,0.298631766475394,0.29853691601891774,0.3507883587524837,0.3482790209372632,0.34612630857187465
S106_7_25,S106,7,25,G,filler,4,brightonly,G:\pictures_verify\transformed_verify\roomDark_figureBright\rain_busy\4_night_rain_busy.jpg,brightness,45.47,,,,,M_7_34_G_filler_4_night_rain_busy_BRIGHTONLY_brightness45.470.jpg,Ignore,2026-01-09T20:47:15.560,1767959235.5604184,62.32870125770569,3740,7479,,,G,4,,1,Correct Rejection,正解(スルー成功),1,alphabet_fixed,./0_night_nocar.png,0_night_nocar.png,False,True,front_not_digit,,,,,,,,,,,,,,,,,,,,,,,,,,,,,,
S106_7_26,S106,7,26,S,filler,8,model,G:\pictures_verify\transformed_verify\roomDark_figureBright\sun_empty\8_night_sun_empty.jpg,gamma,0.82,sharpness,0.261,equalization,21.021,M_7_22_S_filler_8_night_sun_empty_MODEL_gamma0.820_sharpness0.261_equalization21.021.jpg,Ignore,2026-01-09T20:47:18.161,1767959238.1619856,64.93026852607727,3896,7792,,,S,8,,1,Correct Rejection,正解(スルー成功),1,alphabet_fixed,./0_night_nocar.png,0_night_nocar.png,False,True,front_not_digit,,,,,,,,,,,,,,,,,,,,,,,,,,,,,,
S106_7_27,S106,7,27,8,match,8,model,G:\pictures_verify\transformed_verify\roomDark_figureBright\rain_busy\8_night_rain_busy.jpg,gamma,0.705,contrast,0.856,equalization,8.372,M_7_47_8_match_8_night_rain_busy_MODEL_gamma0.705_contrast0.856_equalization8.372.jpg,Match,2026-01-09T20:47:20.765,1767959240.7651474,67.53343033790588,4052,8104,2026-01-09T20:47:22.378,1.6128873825073242,8,8,t,1,Hit,正解(一致),0,normal_image_name,D:\experiment_images_verify\Dark\S106\7\M_7_47_8_match_8_night_rain_busy_MODEL_gamma0.705_contrast0.856_equalization8.372.jpg,M_7_47_8_match_8_night_rain_busy_MODEL_gamma0.705_contrast0.856_equalization8.372.jpg,True,False,,8104.0,8403.0,0.0,8181.0,8300.0,2.6553233211368528,2.6553233211368528,8331.0,7984.0,8103.0,8181.0,8331.0,4.8225750000000005,4.781466666666668,4.802020833333334,3.826588520971302,3.784074613686534,3.805331567328918,3.5851999999999995,3.575,3.5899,8299.0,8309.0,8281.0,0.2065258661666637,0.20859542113580215,0.20755621447659603,0.25657973178229493,0.2523214634282369,0.25241890349982865
S106_7_28,S106,7,28,L,filler,2,original,G:\pictures_verify\transformed_verify\roomDark_figureBright\rain_busy\2_night_rain_busy.jpg,,,,,,,M_7_48_L_filler_2_night_rain_busy_ORIG.jpg,Ignore,2026-01-09T20:47:23.386,1767959243.3868785,70.15516138076782,4209,8419,,,L,2,,1,Correct Rejection,正解(スルー成功),1,alphabet_fixed,./0_night_nocar.png,0_night_nocar.png,False,True,front_not_digit,,,,,,,,,,,,,,,,,,,,,,,,,,,,,,
S106_7_29,S106,7,29,5,unmatch,4,model,G:\pictures_verify\transformed_verify\roomDark_figureBright\rain_emtpy\4_night_rain_empty.jpg,gamma,0.748,contrast,0.89,equalization,9.124,M_7_6_5_unmatch_4_night_rain_empty_MODEL_gamma0.748_contrast0.890_equalization9.124.jpg,Mismatch,2026-01-09T20:47:25.976,1767959245.976887,72.74516987800598,4365,8729,2026-01-09T20:47:27.692,1.7159485816955566,5,4,b,1,Correct Rejection,正解(不一致),0,normal_image_name,D:\experiment_images_verify\Dark\S106\7\M_7_6_5_unmatch_4_night_rain_empty_MODEL_gamma0.748_contrast0.890_equalization9.124.jpg,M_7_6_5_unmatch_4_night_rain_empty_MODEL_gamma0.748_contrast0.890_equalization9.124.jpg,True,True,no_diopter_onset,8729.0,9028.0,0.0,,,,,,,,,,,,,,,,,,,,,,,,,,,
S106_7_30,S106,7,30,C,filler,6,brightonly,G:\pictures_verify\transformed_verify\roomDark_figureBright\sun_busy\6_night_sun_busy.jpg,brightness,43.12,,,,,M_7_13_C_filler_6_night_sun_busy_BRIGHTONLY_brightness43.120.jpg,Ignore,2026-01-09T20:47:28.562,1767959248.5627809,75.331063747406,4520,9040,,,C,6,,1,Correct Rejection,正解(スルー成功),1,alphabet_fixed,./0_night_nocar.png,0_night_nocar.png,False,True,front_not_digit,,,,,,,,,,,,,,,,,,,,,,,,,,,,,,
S106_7_31,S106,7,31,Q,filler,4,original,G:\pictures_verify\transformed_verify\roomDark_figureBright\rain_emtpy\4_night_rain_empty.jpg,,,,,,,M_7_38_Q_filler_4_night_rain_empty_ORIG.jpg,Ignore,2026-01-09T20:47:31.168,1767959251.168713,77.93699622154236,4676,9352,,,Q,4,,1,Correct Rejection,正解(スルー成功),1,alphabet_fixed,./0_night_nocar.png,0_night_nocar.png,False,True,front_not_digit,,,,,,,,,,,,,,,,,,,,,,,,,,,,,,
S106_7_32,S106,7,32,I,filler,4,model,G:\pictures_verify\transformed_verify\roomDark_figureBright\sun_busy\4_night_sun_busy.jpg,gamma,0.706,contrast,0.919,equalization,11.637,M_7_31_I_filler_4_night_sun_busy_MODEL_gamma0.706_contrast0.919_equalization11.637.jpg,Ignore,2026-01-09T20:47:33.772,1767959253.7727554,80.54103827476501,4832,9665,,,I,4,,1,Correct Rejection,正解(スルー成功),1,alphabet_fixed,./0_night_nocar.png,0_night_nocar.png,False,True,front_not_digit,,,,,,,,,,,,,,,,,,,,,,,,,,,,,,
S106_7_33,S106,7,33,F,filler,6,brightonly,G:\pictures_verify\transformed_verify\roomDark_figureBright\rain_emtpy\6_night_rain_empty.jpg,brightness,35.62,,,,,M_7_16_F_filler_6_night_rain_empty_BRIGHTONLY_brightness35.620.jpg,Ignore,2026-01-09T20:47:36.377,1767959256.3777854,83.14606833457947,4989,9978,,,F,6,,1,Correct Rejection,正解(スルー成功),1,alphabet_fixed,./0_night_nocar.png,0_night_nocar.png,False,True,front_not_digit,,,,,,,,,,,,,,,,,,,,,,,,,,,,,,
S106_7_34,S106,7,34,4,match,4,original,G:\pictures_verify\transformed_verify\roomDark_figureBright\sun_busy\4_night_sun_busy.jpg,,,,,,,M_7_2_4_match_4_night_sun_busy_ORIG.jpg,Match,2026-01-09T20:47:38.974,1767959258.9749062,85.7431890964508,5145,10289,2026-01-09T20:47:40.671,1.6962385177612305,4,4,t,1,Hit,正解(一致),0,normal_image_name,D:\experiment_images_verify\Dark\S106\7\M_7_2_4_match_4_night_sun_busy_ORIG.jpg,M_7_2_4_match_4_night_sun_busy_ORIG.jpg,True,False,,10289.0,10588.0,0.0,10404.0,10523.0,2.140169471231345,2.140169471231345,10554.0,10169.0,10288.0,10404.0,10554.0,5.732965000000001,5.664043333333335,5.698504166666667,4.4977176600441515,4.373765562913908,4.435741611479029,4.2832,4.128,4.222900000000001,10456.0,10476.0,10474.0,0.21546395974087565,0.2278015358438453,0.2215954429890834,0.25288223458541975,0.27119201653942165,0.25894587834088023
S106_7_35,S106,7,35,A,filler,3,original,G:\pictures_verify\transformed_verify\roomDark_figureBright\rain_busy\3_night_rain_busy.jpg,,,,,,,M_7_24_A_filler_3_night_rain_busy_ORIG.jpg,Ignore,2026-01-09T20:47:41.571,1767959261.5718937,88.34017658233643,5300,10601,,,A,3,,1,Correct Rejection,正解(スルー成功),1,alphabet_fixed,./0_night_nocar.png,0_night_nocar.png,False,True,front_not_digit,,,,,,,,,,,,,,,,,,,,,,,,,,,,,,
S106_7_36,S106,7,36,0,unmatch,5,brightonly,G:\pictures_verify\transformed_verify\roomDark_figureBright\rain_emtpy\5_night_rain_empty.jpg,brightness,35.62,,,,,M_7_20_0_unmatch_5_night_rain_empty_BRIGHTONLY_brightness35.620.jpg,Mismatch,2026-01-09T20:47:44.165,1767959264.1657226,90.93400549888612,5456,10912,2026-01-09T20:47:45.739,1.5742731094360352,0,5,b,1,Correct Rejection,正解(不一致),0,normal_image_name,D:\experiment_images_verify\Dark\S106\7\M_7_20_0_unmatch_5_night_rain_empty_BRIGHTONLY_brightness35.620.jpg,M_7_20_0_unmatch_5_night_rain_empty_BRIGHTONLY_brightness35.620.jpg,True,False,,10912.0,11211.0,0.0,10999.0,11097.0,2.4715039756570696,2.4715039756570696,11149.0,10792.0,10911.0,10999.0,11149.0,5.42688875,5.325598611111112,5.376243680555555,4.048492052980133,4.016789624724061,4.032640838852097,3.5872,3.5143999999999997,3.5519,11104.0,11123.0,11103.0,0.25399391078725675,0.24575809818945146,0.2499147958197863,0.33899511022775247,0.34009296294548025,0.3393342617920615
S106_7_37,S106,7,37,S,filler,0,brightonly,G:\pictures_verify\transformed_verify\roomDark_figureBright\sun_busy\0_night_sun_busy.jpg,brightness,43.12,,,,,M_7_28_S_filler_0_night_sun_busy_BRIGHTONLY_brightness43.120.jpg,Ignore,2026-01-09T20:47:46.752,1767959266.7526948,93.5209777355194,5611,11223,,,S,0,,1,Correct Rejection,正解(スルー成功),1,alphabet_fixed,./0_night_nocar.png,0_night_nocar.png,False,True,front_not_digit,,,,,,,,,,,,,,,,,,,,,,,,,,,,,,
S106_7_38,S106,7,38,T,filler,1,original,G:\pictures_verify\transformed_verify\roomDark_figureBright\rain_busy\1_night_rain_busy.jpg,,,,,,,M_7_45_T_filler_1_night_rain_busy_ORIG.jpg,Ignore,2026-01-09T20:47:49.344,1767959269.344614,96.11289691925047,5767,11534,,,T,1,,1,Correct Rejection,正解(スルー成功),1,alphabet_fixed,./0_night_nocar.png,0_night_nocar.png,False,True,front_not_digit,,,,,,,,,,,,,,,,,,,,,,,,,,,,,,
S106_7_39,S106,7,39,2,match,2,brightonly,G:\pictures_verify\transformed_verify\roomDark_figureBright\sun_busy\2_night_sun_busy.jpg,brightness,43.12,,,,,M_7_23_2_match_2_night_sun_busy_BRIGHTONLY_brightness43.120.jpg,Match,2026-01-09T20:47:51.946,1767959271.946592,98.71487498283386,5923,11846,2026-01-09T20:47:53.302,1.3564059734344482,2,2,t,1,Hit,正解(一致),0,normal_image_name,D:\experiment_images_verify\Dark\S106\7\M_7_23_2_match_2_night_sun_busy_BRIGHTONLY_brightness43.120.jpg,M_7_23_2_match_2_night_sun_busy_BRIGHTONLY_brightness43.120.jpg,True,False,,11846.0,12145.0,0.0,11922.0,12025.0,2.2476424238352477,2.2476424238352477,12072.0,11726.0,11845.0,11922.0,12072.0,5.420515,5.479440277777778,5.44997763888889,3.7384615894039737,3.6186284768211925,3.6785450331125826,3.431,3.3112000000000004,3.4030000000000005,12013.0,12008.0,12011.0,0.3103124722643561,0.339598883576344,0.32503483925072707,0.3670343131602809,0.39570470118475704,0.37559376836383046
S106_7_40,S106,7,40,Q,filler,6,model,G:\pictures_verify\transformed_verify\roomDark_figureBright\sun_busy\6_night_sun_busy.jpg,gamma,0.706,contrast,0.919,equalization,11.637,M_7_8_Q_filler_6_night_sun_busy_MODEL_gamma0.706_contrast0.919_equalization11.637.jpg,Ignore,2026-01-09T20:47:54.536,1767959274.5367222,101.30500507354736,6078,12157,,,Q,6,,1,Correct Rejection,正解(スルー成功),1,alphabet_fixed,./0_night_nocar.png,0_night_nocar.png,False,True,front_not_digit,,,,,,,,,,,,,,,,,,,,,,,,,,,,,,
S106_7_41,S106,7,41,C,filler,1,original,G:\pictures_verify\transformed_verify\roomDark_figureBright\rain_busy\1_night_rain_busy.jpg,,,,,,,M_7_18_C_filler_1_night_rain_busy_ORIG.jpg,Ignore,2026-01-09T20:47:57.124,1767959277.124956,103.89323878288268,6234,12467,,,C,1,,1,Correct Rejection,正解(スルー成功),1,alphabet_fixed,./0_night_nocar.png,0_night_nocar.png,False,True,front_not_digit,,,,,,,,,,,,,,,,,,,,,,,,,,,,,,
S106_7_42,S106,7,42,L,filler,4,brightonly,G:\pictures_verify\transformed_verify\roomDark_figureBright\rain_busy\4_night_rain_busy.jpg,brightness,45.47,,,,,M_7_42_L_filler_4_night_rain_busy_BRIGHTONLY_brightness45.470.jpg,Ignore,2026-01-09T20:47:59.713,1767959279.713524,106.48180675506592,6389,12778,,,L,4,,1,Correct Rejection,正解(スルー成功),1,alphabet_fixed,./0_night_nocar.png,0_night_nocar.png,False,True,front_not_digit,,,,,,,,,,,,,,,,,,,,,,,,,,,,,,
S106_7_43,S106,7,43,0,unmatch,3,model,G:\pictures_verify\transformed_verify\roomDark_figureBright\sun_empty\3_night_sun_empty.jpg,gamma,0.82,sharpness,0.261,equalization,21.021,M_7_27_0_unmatch_3_night_sun_empty_MODEL_gamma0.820_sharpness0.261_equalization21.021.jpg,Mismatch,2026-01-09T20:48:02.301,1767959282.301788,109.0700707435608,6544,13088,2026-01-09T20:48:04.141,1.839488506317139,0,3,b,1,Correct Rejection,正解(不一致),0,normal_image_name,D:\experiment_images_verify\Dark\S106\7\M_7_27_0_unmatch_3_night_sun_empty_MODEL_gamma0.820_sharpness0.261_equalization21.021.jpg,M_7_27_0_unmatch_3_night_sun_empty_MODEL_gamma0.820_sharpness0.261_equalization21.021.jpg,True,False,,13088.0,13387.0,0.0,13166.0,13295.0,2.2399525510857385,2.2399525510857385,13316.0,12968.0,13087.0,13166.0,13316.0,5.806985833333334,5.7950925,5.801039166666667,4.223936423841059,4.160251655629139,4.1920940397351,3.8322000000000003,3.4594,3.6746999999999996,13293.0,13284.0,13284.0,0.2726112056973231,0.282107808351784,0.27735463952333267,0.34007071654930565,0.4030466295404258,0.3665445285880534
S106_7_44,S106,7,44,I,filler,0,model,G:\pictures_verify\transformed_verify\roomDark_figureBright\rain_emtpy\0_night_rain_empty.jpg,gamma,0.748,contrast,0.89,equalization,9.124,M_7_19_I_filler_0_night_rain_empty_MODEL_gamma0.748_contrast0.890_equalization9.124.jpg,Ignore,2026-01-09T20:48:04.889,1767959284.8896103,111.65789341926576,6699,13399,,,I,0,,1,Correct Rejection,正解(スルー成功),1,alphabet_fixed,./0_night_nocar.png,0_night_nocar.png,False,True,front_not_digit,,,,,,,,,,,,,,,,,,,,,,,,,,,,,,
S106_7_45,S106,7,45,7,unmatch,3,original,G:\pictures_verify\transformed_verify\roomDark_figureBright\sun_busy\3_night_sun_busy.jpg,,,,,,,M_7_37_7_unmatch_3_night_sun_busy_ORIG.jpg,Mismatch,2026-01-09T20:48:07.514,1767959287.5140934,114.28237628936768,6857,13714,2026-01-09T20:48:09.097,1.5836131572723389,7,3,b,1,Correct Rejection,正解(不一致),0,normal_image_name,D:\experiment_images_verify\Dark\S106\7\M_7_37_7_unmatch_3_night_sun_busy_ORIG.jpg,M_7_37_7_unmatch_3_night_sun_busy_ORIG.jpg,True,False,,13714.0,14013.0,0.0,13824.0,13865.0,2.192284461672318,2.192284461672318,13974.0,13594.0,13713.0,13824.0,13974.0,5.574804166666667,5.480260833333333,5.5275325,4.738048785871964,4.542330242825607,4.640189514348786,4.5476,4.3427999999999995,4.4492,13883.0,13886.0,13883.0,0.15009592369143657,0.17114707110340874,0.16053148229362998,0.18425834091332055,0.20755596639028595,0.1950838823652326
S106_7_46,S106,7,46,G,filler,5,brightonly,G:\pictures_verify\transformed_verify\roomDark_figureBright\sun_empty\5_night_sun_empty.jpg,brightness,46.88,,,,,M_7_3_G_filler_5_night_sun_empty_BRIGHTONLY_brightness46.880.jpg,Ignore,2026-01-09T20:48:10.105,1767959290.1054342,116.87371706962584,7012,14025,,,G,5,,1,Correct Rejection,正解(スルー成功),1,alphabet_fixed,./0_night_nocar.png,0_night_nocar.png,False,True,front_not_digit,,,,,,,,,,,,,,,,,,,,,,,,,,,,,,
S106_7_47,S106,7,47,P,filler,7,brightonly,G:\pictures_verify\transformed_verify\roomDark_figureBright\sun_busy\7_night_sun_busy.jpg,brightness,43.12,,,,,M_7_26_P_filler_7_night_sun_busy_BRIGHTONLY_brightness43.120.jpg,Ignore,2026-01-09T20:48:12.694,1767959292.6946387,119.46292161941528,7168,14336,,,P,7,,1,Correct Rejection,正解(スルー成功),1,alphabet_fixed,./0_night_nocar.png,0_night_nocar.png,False,True,front_not_digit,,,,,,,,,,,,,,,,,,,,,,,,,,,,,,
S106_7_48,S106,7,48,1,match,1,model,G:\pictures_verify\transformed_verify\roomDark_figureBright\rain_emtpy\1_night_rain_empty.jpg,gamma,0.748,contrast,0.89,equalization,9.124,M_7_4_1_match_1_night_rain_empty_MODEL_gamma0.748_contrast0.890_equalization9.124.jpg,Match,2026-01-09T20:48:15.296,1767959295.2968104,122.06509327888487,7324,14648,2026-01-09T20:48:16.678,1.3814613819122314,1,1,t,1,Hit,正解(一致),0,normal_image_name,D:\experiment_images_verify\Dark\S106\7\M_7_4_1_match_1_night_rain_empty_MODEL_gamma0.748_contrast0.890_equalization9.124.jpg,M_7_4_1_match_1_night_rain_empty_MODEL_gamma0.748_contrast0.890_equalization9.124.jpg,True,False,,14648.0,14947.0,0.0,14751.0,14848.0,2.170693397883124,2.170693397883124,14901.0,14528.0,14647.0,14751.0,14901.0,5.404832222222223,5.4046047222222215,5.404718472222223,3.9582410596026487,3.7983360927152314,3.8782885761589405,3.7184,3.4915999999999996,3.6205,14840.0,14832.0,14832.0,0.267647746154237,0.29720372017262675,0.28242542213964206,0.3120230476883958,0.353958304176526,0.33012237018307033
