trial_id,folder_name,file_name,trial,front,status,back,process,filename,param1,param1_value,param2,param2_value,param3,param3_value,image_name,final_status,Display_Timestamp,Display_Epoch,Elapsed_From_First_Display_s,Frame_60fps,Frame_120fps,Key_Timestamp,Reaction_Time,Front_Char,Back_Char,User_Key,Accuracy,Result_Type,Judgment,Is_Alphabet_Trial,Back_Image_Source,Back_Image_Path,Back_Image_Name_Used,emr_frame_rel,emr_left_pupil_mm_raw,emr_right_pupil_mm_raw,emr_both_pupil_mm_raw,emr_both_Z_mm_raw,emr_diopter_raw,emr_left_pupil_mm,emr_right_pupil_mm,emr_both_pupil_mm,emr_both_Z_mm,emr_diopter_clipped0,emr_diopter_peak,emr_diopter_peak_frame_rel
S15_4_1,S15,4,1,L,filler,7,model,G:\pictures_verify\transformed_verify\roomBright_figureDark\sun_empty\7_day_sun_empty.jpg,brightness,18.052,contrast,1.163,gamma,1.019,M_4_10_L_filler_7_day_sun_empty_MODEL_brightness18.052_contrast1.163_gamma1.019.jpg,Ignore,2026-01-12T17:31:06.247,1768206666.2475562,0.0,0,0,,,L,7,,1,Correct Rejection,正解(スルー成功),1,alphabet_fixed,./fillerpic/0_day_nocar.png,0_day_nocar.png,0,4.954,4.259,4.6065000000000005,19687.641,0.050793287016966636,5.086,4.289000000000001,4.6875,,0.0,,
S15_4_2,S15,4,2,5,unmatch,8,brightonly,G:\pictures_verify\transformed_verify\roomBright_figureDark\sun_empty\8_day_sun_empty.jpg,brightness,40.55,,,,,M_4_19_5_unmatch_8_day_sun_empty_BRIGHTONLY_brightness40.550.jpg,Mismatch,2026-01-12T17:31:08.849,1768206668.849722,2.602165937423706,156,312,2026-01-12T17:31:10.497,1.647928237915039,5,8,b,1,Correct Rejection,正解(不一致),0,normal_image_name,D:\experiment_images_verify\Bright\S15\4\M_4_19_5_unmatch_8_day_sun_empty_BRIGHTONLY_brightness40.550.jpg,M_4_19_5_unmatch_8_day_sun_empty_BRIGHTONLY_brightness40.550.jpg,312,4.257,3.73,3.9935,19702.035,0.05075617823235011,4.2564,3.7336,3.995,,0.0,2.146000216616234,439.0
S15_4_3,S15,4,3,U,filler,8,model,G:\pictures_verify\transformed_verify\roomBright_figureDark\rain_empty\8_day_rain_empty.jpg,brightness,22.602,contrast,1.158,gamma,1.045,M_4_30_U_filler_8_day_rain_empty_MODEL_brightness22.602_contrast1.158_gamma1.045.jpg,Ignore,2026-01-12T17:31:11.455,1768206671.455585,5.208028793334961,312,625,,,U,8,,1,Correct Rejection,正解(スルー成功),1,alphabet_fixed,./fillerpic/0_day_nocar.png,0_day_nocar.png,625,4.0,3.435,3.7175000000000002,19701.414,0.05075777809653662,4.0118,3.4904,3.7511,,0.0,,
S15_4_4,S15,4,4,8,match,8,model,G:\pictures_verify\transformed_verify\roomBright_figureDark\sun_busy\8_day_sun_busy.jpg,brightness,25.454,contrast,1.16,gamma,1.064,M_4_47_8_match_8_day_sun_busy_MODEL_brightness25.454_contrast1.160_gamma1.064.jpg,Match,2026-01-12T17:31:14.062,1768206674.0629857,7.815429449081421,469,938,2026-01-12T17:31:15.250,1.1876516342163086,8,8,t,1,Hit,正解(一致),0,normal_image_name,D:\experiment_images_verify\Bright\S15\4\M_4_47_8_match_8_day_sun_busy_MODEL_brightness25.454_contrast1.160_gamma1.064.jpg,M_4_47_8_match_8_day_sun_busy_MODEL_brightness25.454_contrast1.160_gamma1.064.jpg,938,4.216,3.733,3.9745,19728.485,0.050688129372326356,4.171,3.7564,3.9637000000000002,,0.0,2.108900592199131,998.0
S15_4_5,S15,4,5,F,filler,4,brightonly,G:\pictures_verify\transformed_verify\roomBright_figureDark\rain_empty\4_day_rain_empty.jpg,brightness,35.62,,,,,M_4_42_F_filler_4_day_rain_empty_BRIGHTONLY_brightness35.620.jpg,Ignore,2026-01-12T17:31:16.668,1768206676.6686938,10.42113757133484,625,1251,,,F,4,,1,Correct Rejection,正解(スルー成功),1,alphabet_fixed,./fillerpic/0_day_nocar.png,0_day_nocar.png,1251,3.999,3.484,3.7415000000000003,19701.599,0.05075730147588529,3.9796,3.508,3.7438000000000002,,0.0,,
S15_4_6,S15,4,6,R,filler,8,brightonly,G:\pictures_verify\transformed_verify\roomBright_figureDark\rain_busy\8_day_rain_busy.jpg,brightness,36.09,,,,,M_4_25_R_filler_8_day_rain_busy_BRIGHTONLY_brightness36.090.jpg,Ignore,2026-01-12T17:31:19.265,1768206679.2655697,13.01801347732544,781,1562,,,R,8,,1,Correct Rejection,正解(スルー成功),1,alphabet_fixed,./fillerpic/0_day_nocar.png,0_day_nocar.png,1562,4.457,3.858,4.1575,19724.757,0.05069770948255534,4.455,3.8932,4.1741,,0.0,,
S15_4_7,S15,4,7,5,match,5,model,G:\pictures_verify\transformed_verify\roomBright_figureDark\rain_empty\5_day_rain_empty.jpg,brightness,22.602,contrast,1.158,gamma,1.045,M_4_12_5_match_5_day_rain_empty_MODEL_brightness22.602_contrast1.158_gamma1.045.jpg,Match,2026-01-12T17:31:21.867,1768206681.8671389,15.619582653045654,937,1874,2026-01-12T17:31:23.147,1.279888391494751,5,5,t,1,Hit,正解(一致),0,normal_image_name,D:\experiment_images_verify\Bright\S15\4\M_4_12_5_match_5_day_rain_empty_MODEL_brightness22.602_contrast1.158_gamma1.045.jpg,M_4_12_5_match_5_day_rain_empty_MODEL_brightness22.602_contrast1.158_gamma1.045.jpg,1874,4.577,4.106,4.3415,19677.54,0.050819360550150065,4.644299999999999,4.111,4.377649999999999,,0.0,2.1665748376779086,1967.0
S15_4_8,S15,4,8,T,filler,3,brightonly,G:\pictures_verify\transformed_verify\roomBright_figureDark\sun_busy\3_day_sun_busy.jpg,brightness,45.47,,,,,M_4_3_T_filler_3_day_sun_busy_BRIGHTONLY_brightness45.470.jpg,Ignore,2026-01-12T17:31:24.483,1768206684.4837162,18.236160039901733,1094,2188,,,T,3,,1,Correct Rejection,正解(スルー成功),1,alphabet_fixed,./fillerpic/0_day_nocar.png,0_day_nocar.png,2188,4.063,3.657,3.86,19679.314,0.050814779417615884,4.061,3.6544,3.8577,,0.0,,
S15_4_9,S15,4,9,6,match,6,model,G:\pictures_verify\transformed_verify\roomBright_figureDark\rain_busy\6_day_rain_busy.jpg,brightness,23.168,contrast,1.169,gamma,1.078,M_4_45_6_match_6_day_rain_busy_MODEL_brightness23.168_contrast1.169_gamma1.078.jpg,Match,2026-01-12T17:31:27.076,1768206687.076798,20.82924175262451,1250,2500,2026-01-12T17:31:28.226,1.149855375289917,6,6,t,1,Hit,正解(一致),0,normal_image_name,D:\experiment_images_verify\Bright\S15\4\M_4_45_6_match_6_day_rain_busy_MODEL_brightness23.168_contrast1.169_gamma1.078.jpg,M_4_45_6_match_6_day_rain_busy_MODEL_brightness23.168_contrast1.169_gamma1.078.jpg,2500,4.415,4.025,4.220000000000001,19732.072,0.050678915017135555,4.4222,3.9718000000000004,4.197,,0.0,2.1706050676729127,2573.0
S15_4_10,S15,4,10,G,filler,5,original,G:\pictures_verify\transformed_verify\roomBright_figureDark\rain_empty\5_day_rain_empty.jpg,,,,,,,M_4_23_G_filler_5_day_rain_empty_ORIG.jpg,Ignore,2026-01-12T17:31:29.678,1768206689.6780024,23.4304461479187,1406,2812,,,G,5,,1,Correct Rejection,正解(スルー成功),1,alphabet_fixed,./fillerpic/0_day_nocar.png,0_day_nocar.png,2812,4.071,3.576,3.8235,19718.968,0.05071259307282206,4.042199999999999,3.5872,3.8146999999999998,,0.0,,
S15_4_11,S15,4,11,I,filler,8,original,G:\pictures_verify\transformed_verify\roomBright_figureDark\rain_busy\8_day_rain_busy.jpg,,,,,,,M_4_31_I_filler_8_day_rain_busy_ORIG.jpg,Ignore,2026-01-12T17:31:32.275,1768206692.2757475,26.028191328048703,1562,3123,,,I,8,,1,Correct Rejection,正解(スルー成功),1,alphabet_fixed,./fillerpic/0_day_nocar.png,0_day_nocar.png,3123,4.425,3.937,4.181,19722.447,0.050703647473358655,4.4584,3.9265999999999996,4.1925,,0.0,,
S15_4_12,S15,4,12,T,filler,8,brightonly,G:\pictures_verify\transformed_verify\roomBright_figureDark\sun_empty\8_day_sun_empty.jpg,brightness,40.55,,,,,M_4_48_T_filler_8_day_sun_empty_BRIGHTONLY_brightness40.550.jpg,Ignore,2026-01-12T17:31:34.887,1768206694.8876672,28.640110969543457,1718,3437,,,T,8,,1,Correct Rejection,正解(スルー成功),1,alphabet_fixed,./fillerpic/0_day_nocar.png,0_day_nocar.png,3437,4.513,3.929,4.221,19726.287,0.05069377729321286,4.529999999999999,3.925,4.227499999999999,,0.0,,
S15_4_13,S15,4,13,0,unmatch,9,original,G:\pictures_verify\transformed_verify\roomBright_figureDark\sun_busy\9_day_sun_busy.jpg,,,,,,,M_4_14_0_unmatch_9_day_sun_busy_ORIG.jpg,Mismatch,2026-01-12T17:31:37.512,1768206697.512998,31.26544165611267,1876,3752,2026-01-12T17:31:38.738,1.2258591651916504,0,9,b,1,Correct Rejection,正解(不一致),0,normal_image_name,D:\experiment_images_verify\Bright\S15\4\M_4_14_0_unmatch_9_day_sun_busy_ORIG.jpg,M_4_14_0_unmatch_9_day_sun_busy_ORIG.jpg,3752,4.538,3.947,4.2425,19714.193,0.05072487623510635,4.5292,3.9598,4.2445,,0.0,2.1941658538344666,3837.0
S15_4_14,S15,4,14,R,filler,7,model,G:\pictures_verify\transformed_verify\roomBright_figureDark\rain_empty\7_day_rain_empty.jpg,brightness,22.602,contrast,1.158,gamma,1.045,M_4_21_R_filler_7_day_rain_empty_MODEL_brightness22.602_contrast1.158_gamma1.045.jpg,Ignore,2026-01-12T17:31:40.116,1768206700.1164637,33.86890745162964,2032,4064,,,R,7,,1,Correct Rejection,正解(スルー成功),1,alphabet_fixed,./fillerpic/0_day_nocar.png,0_day_nocar.png,4064,4.015,3.595,3.8049999999999997,19707.125,0.05074306881394419,3.9948,3.5936,3.7942,,0.0,,
S15_4_15,S15,4,15,F,filler,8,original,G:\pictures_verify\transformed_verify\roomBright_figureDark\rain_empty\8_day_rain_empty.jpg,,,,,,,M_4_4_F_filler_8_day_rain_empty_ORIG.jpg,Ignore,2026-01-12T17:31:42.718,1768206702.7185354,36.4709792137146,2188,4377,,,F,8,,1,Correct Rejection,正解(スルー成功),1,alphabet_fixed,./fillerpic/0_day_nocar.png,0_day_nocar.png,4377,4.152,3.79,3.971,19722.878,0.05070253945696972,4.1182,3.7836,3.9509,,0.0,,
S15_4_16,S15,4,16,0,match,0,original,G:\pictures_verify\transformed_verify\roomBright_figureDark\sun_busy\0_day_sun_busy.jpg,,,,,,,M_4_32_0_match_0_day_sun_busy_ORIG.jpg,Match,2026-01-12T17:31:45.319,1768206705.3196766,39.07212042808533,2344,4689,2026-01-12T17:31:46.682,1.3626904487609863,0,0,t,1,Hit,正解(一致),0,normal_image_name,D:\experiment_images_verify\Bright\S15\4\M_4_32_0_match_0_day_sun_busy_ORIG.jpg,M_4_32_0_match_0_day_sun_busy_ORIG.jpg,4689,4.073,3.581,3.827,19695.553,0.050772882589282975,4.0855999999999995,3.5816000000000003,3.8335999999999997,,0.0,2.2023474034169475,4790.0
S15_4_17,S15,4,17,L,filler,7,model,G:\pictures_verify\transformed_verify\roomBright_figureDark\sun_busy\7_day_sun_busy.jpg,brightness,25.454,contrast,1.16,gamma,1.064,M_4_37_L_filler_7_day_sun_busy_MODEL_brightness25.454_contrast1.160_gamma1.064.jpg,Ignore,2026-01-12T17:31:47.920,1768206707.9209628,41.67340660095215,2500,5001,,,L,7,,1,Correct Rejection,正解(スルー成功),1,alphabet_fixed,./fillerpic/0_day_nocar.png,0_day_nocar.png,5001,3.865,3.449,3.657,19649.101,0.05089291362490325,3.8625999999999996,3.4757999999999996,3.6691999999999996,,0.0,,
S15_4_18,S15,4,18,J,filler,4,brightonly,G:\pictures_verify\transformed_verify\roomBright_figureDark\rain_busy\4_day_rain_busy.jpg,brightness,36.09,,,,,M_4_20_J_filler_4_day_rain_busy_BRIGHTONLY_brightness36.090.jpg,Ignore,2026-01-12T17:31:50.521,1768206710.52161,44.27405381202698,2656,5313,,,J,4,,1,Correct Rejection,正解(スルー成功),1,alphabet_fixed,./fillerpic/0_day_nocar.png,0_day_nocar.png,5313,4.702,4.231,4.4665,19682.353,0.050806933500278144,4.7,4.2132000000000005,4.4566,,0.0,,
S15_4_19,S15,4,19,C,filler,3,original,G:\pictures_verify\transformed_verify\roomBright_figureDark\rain_empty\3_day_rain_empty.jpg,,,,,,,M_4_39_C_filler_3_day_rain_empty_ORIG.jpg,Ignore,2026-01-12T17:31:53.123,1768206713.1232767,46.875720500946045,2813,5625,,,C,3,,1,Correct Rejection,正解(スルー成功),1,alphabet_fixed,./fillerpic/0_day_nocar.png,0_day_nocar.png,5625,4.432,4.151,4.2915,19675.484,0.050824670945832894,4.4098,3.8768000000000002,4.1433,,0.0,,
S15_4_20,S15,4,20,9,unmatch,2,brightonly,G:\pictures_verify\transformed_verify\roomBright_figureDark\rain_busy\2_day_rain_busy.jpg,brightness,36.09,,,,,M_4_40_9_unmatch_2_day_rain_busy_BRIGHTONLY_brightness36.090.jpg,Mismatch,2026-01-12T17:31:55.724,1768206715.724508,49.47695183753967,2969,5937,2026-01-12T17:31:56.977,1.2529306411743164,9,2,b,1,Correct Rejection,正解(不一致),0,normal_image_name,D:\experiment_images_verify\Bright\S15\4\M_4_40_9_unmatch_2_day_rain_busy_BRIGHTONLY_brightness36.090.jpg,M_4_40_9_unmatch_2_day_rain_busy_BRIGHTONLY_brightness36.090.jpg,5937,4.416,3.84,4.128,19660.48,0.0508634580640961,4.4159,3.8333999999999997,4.12465,,0.0,1.5575795337293319,6042.0
S15_4_21,S15,4,21,T,filler,0,original,G:\pictures_verify\transformed_verify\roomBright_figureDark\rain_busy\0_day_rain_busy.jpg,,,,,,,M_4_28_T_filler_0_day_rain_busy_ORIG.jpg,Ignore,2026-01-12T17:31:58.332,1768206718.332203,52.084646463394165,3125,6250,,,T,0,,1,Correct Rejection,正解(スルー成功),1,alphabet_fixed,./fillerpic/0_day_nocar.png,0_day_nocar.png,6250,3.773,3.325,3.5490000000000004,19666.678,0.050847428325210796,3.7822000000000005,3.3257333333333334,3.5539666666666667,,0.0,,
S15_4_22,S15,4,22,R,filler,3,brightonly,G:\pictures_verify\transformed_verify\roomBright_figureDark\sun_empty\3_day_sun_empty.jpg,brightness,40.55,,,,,M_4_15_R_filler_3_day_sun_empty_BRIGHTONLY_brightness40.550.jpg,Ignore,2026-01-12T17:32:00.935,1768206720.935035,54.68747878074646,3281,6562,,,R,3,,1,Correct Rejection,正解(スルー成功),1,alphabet_fixed,./fillerpic/0_day_nocar.png,0_day_nocar.png,6562,4.293,3.7,3.9965,19632.304,0.05093645656668723,4.3072,3.7872,4.0472,,0.0,,
S15_4_23,S15,4,23,P,filler,9,original,G:\pictures_verify\transformed_verify\roomBright_figureDark\rain_empty\9_day_rain_empty.jpg,,,,,,,M_4_13_P_filler_9_day_rain_empty_ORIG.jpg,Ignore,2026-01-12T17:32:03.539,1768206723.5396595,57.29210352897644,3438,6875,,,P,9,,1,Correct Rejection,正解(スルー成功),1,alphabet_fixed,./fillerpic/0_day_nocar.png,0_day_nocar.png,6875,4.073,3.537,3.805,19629.735,0.05094312276757684,4.0582,3.56,3.8091,,0.0,,
S15_4_24,S15,4,24,7,unmatch,4,model,G:\pictures_verify\transformed_verify\roomBright_figureDark\rain_empty\4_day_rain_empty.jpg,brightness,22.602,contrast,1.158,gamma,1.045,M_4_17_7_unmatch_4_day_rain_empty_MODEL_brightness22.602_contrast1.158_gamma1.045.jpg,Mismatch,2026-01-12T17:32:06.146,1768206726.1466258,59.8990695476532,3594,7188,2026-01-12T17:32:07.401,1.2547721862792969,7,4,b,1,Correct Rejection,正解(不一致),0,normal_image_name,D:\experiment_images_verify\Bright\S15\4\M_4_17_7_unmatch_4_day_rain_empty_MODEL_brightness22.602_contrast1.158_gamma1.045.jpg,M_4_17_7_unmatch_4_day_rain_empty_MODEL_brightness22.602_contrast1.158_gamma1.045.jpg,7188,4.031,3.55,3.7904999999999998,19617.914,0.05097381913285989,4.0642000000000005,3.5552,3.8097000000000003,,0.0,1.5045720513145862,7306.0
S15_4_25,S15,4,25,F,filler,4,original,G:\pictures_verify\transformed_verify\roomBright_figureDark\sun_busy\4_day_sun_busy.jpg,,,,,,,M_4_18_F_filler_4_day_sun_busy_ORIG.jpg,Ignore,2026-01-12T17:32:08.772,1768206728.7726586,62.525102376937866,3752,7503,,,F,4,,1,Correct Rejection,正解(スルー成功),1,alphabet_fixed,./fillerpic/0_day_nocar.png,0_day_nocar.png,7503,3.705,3.368,3.5365,19635.468,0.05092824881994155,3.6925999999999997,3.3034,3.4979999999999998,,0.0,,
S15_4_26,S15,4,26,7,match,7,model,G:\pictures_verify\transformed_verify\roomBright_figureDark\sun_empty\7_day_sun_empty.jpg,brightness,18.052,contrast,1.163,gamma,1.019,M_4_34_7_match_7_day_sun_empty_MODEL_brightness18.052_contrast1.163_gamma1.019.jpg,Match,2026-01-12T17:32:11.375,1768206731.3750365,65.1274802684784,3908,7815,2026-01-12T17:32:12.930,1.5554640293121338,7,7,t,1,Hit,正解(一致),0,normal_image_name,D:\experiment_images_verify\Bright\S15\4\M_4_34_7_match_7_day_sun_empty_MODEL_brightness18.052_contrast1.163_gamma1.019.jpg,M_4_34_7_match_7_day_sun_empty_MODEL_brightness18.052_contrast1.163_gamma1.019.jpg,7815,4.202,3.62,3.911,19646.872,0.050898687587520294,4.1942,3.6308,3.9125,,0.0,1.527641949151516,8054.0
S15_4_27,S15,4,27,T,filler,4,model,G:\pictures_verify\transformed_verify\roomBright_figureDark\sun_busy\4_day_sun_busy.jpg,brightness,25.454,contrast,1.16,gamma,1.064,M_4_41_T_filler_4_day_sun_busy_MODEL_brightness25.454_contrast1.160_gamma1.064.jpg,Ignore,2026-01-12T17:32:13.987,1768206733.9879577,67.74040126800537,4064,8129,,,T,4,,1,Correct Rejection,正解(スルー成功),1,alphabet_fixed,./fillerpic/0_day_nocar.png,0_day_nocar.png,8129,3.781,3.378,3.5795000000000003,19661.307,0.05086131862952956,3.7700999999999993,3.3543999999999996,3.5622499999999997,,0.0,,
S15_4_28,S15,4,28,S,filler,5,original,G:\pictures_verify\transformed_verify\roomBright_figureDark\sun_empty\5_day_sun_empty.jpg,,,,,,,M_4_7_S_filler_5_day_sun_empty_ORIG.jpg,Ignore,2026-01-12T17:32:16.591,1768206736.591072,70.34351587295532,4221,8441,,,S,5,,1,Correct Rejection,正解(スルー成功),1,alphabet_fixed,./fillerpic/0_day_nocar.png,0_day_nocar.png,8441,4.284,3.793,4.0385,19649.845,0.050890986671905045,4.285199999999999,3.7972,4.0412,,0.0,,
S15_4_29,S15,4,29,L,filler,7,brightonly,G:\pictures_verify\transformed_verify\roomBright_figureDark\sun_empty\7_day_sun_empty.jpg,brightness,40.55,,,,,M_4_46_L_filler_7_day_sun_empty_BRIGHTONLY_brightness40.550.jpg,Ignore,2026-01-12T17:32:19.192,1768206739.1925538,72.944997549057,4377,8753,,,L,7,,1,Correct Rejection,正解(スルー成功),1,alphabet_fixed,./fillerpic/0_day_nocar.png,0_day_nocar.png,8753,4.118,3.588,3.853,19661.172,0.0508616678598814,4.1272,3.6007,3.86395,,0.0,,
S15_4_30,S15,4,30,4,unmatch,8,brightonly,G:\pictures_verify\transformed_verify\roomBright_figureDark\sun_busy\8_day_sun_busy.jpg,brightness,45.47,,,,,M_4_22_4_unmatch_8_day_sun_busy_BRIGHTONLY_brightness45.470.jpg,Mismatch,2026-01-12T17:32:21.801,1768206741.8017788,75.55422258377075,4533,9067,2026-01-12T17:32:22.998,1.1969022750854492,4,8,b,1,Correct Rejection,正解(不一致),0,normal_image_name,D:\experiment_images_verify\Bright\S15\4\M_4_22_4_unmatch_8_day_sun_busy_BRIGHTONLY_brightness45.470.jpg,M_4_22_4_unmatch_8_day_sun_busy_BRIGHTONLY_brightness45.470.jpg,9067,4.122,3.693,3.9074999999999998,19633.097,0.0509343991933621,4.1212,3.6612,3.8912,,0.0,,
S15_4_31,S15,4,31,J,filler,0,original,G:\pictures_verify\transformed_verify\roomBright_figureDark\rain_busy\0_day_rain_busy.jpg,,,,,,,M_4_5_J_filler_0_day_rain_busy_ORIG.jpg,Ignore,2026-01-12T17:32:24.419,1768206744.4199169,78.17236065864563,4690,9381,,,J,0,,1,Correct Rejection,正解(スルー成功),1,alphabet_fixed,./fillerpic/0_day_nocar.png,0_day_nocar.png,9381,3.554,3.32,3.437,19605.095,0.05100714890695505,3.5544,3.2019999999999995,3.3781999999999996,,0.0,,
S15_4_32,S15,4,32,A,filler,2,brightonly,G:\pictures_verify\transformed_verify\roomBright_figureDark\sun_empty\2_day_sun_empty.jpg,brightness,40.55,,,,,M_4_29_A_filler_2_day_sun_empty_BRIGHTONLY_brightness40.550.jpg,Ignore,2026-01-12T17:32:27.017,1768206747.0174675,80.76991152763367,4846,9692,,,A,2,,1,Correct Rejection,正解(スルー成功),1,alphabet_fixed,./fillerpic/0_day_nocar.png,0_day_nocar.png,9692,3.884,3.575,3.7295,19584.728,0.051060193432351984,3.9067999999999996,3.5742,3.7405,,0.0,,
S15_4_33,S15,4,33,1,match,1,brightonly,G:\pictures_verify\transformed_verify\roomBright_figureDark\rain_busy\1_day_rain_busy.jpg,brightness,36.09,,,,,M_4_2_1_match_1_day_rain_busy_BRIGHTONLY_brightness36.090.jpg,Match,2026-01-12T17:32:29.619,1768206749.6198776,83.3723213672638,5002,10005,2026-01-12T17:32:30.743,1.1239535808563232,1,1,t,1,Hit,正解(一致),0,normal_image_name,D:\experiment_images_verify\Bright\S15\4\M_4_2_1_match_1_day_rain_busy_BRIGHTONLY_brightness36.090.jpg,M_4_2_1_match_1_day_rain_busy_BRIGHTONLY_brightness36.090.jpg,10005,4.456,3.817,4.1365,19616.267,0.050978098942066806,4.4544,3.8444000000000003,4.1494,,0.0,,
S15_4_34,S15,4,34,E,filler,7,model,G:\pictures_verify\transformed_verify\roomBright_figureDark\sun_busy\7_day_sun_busy.jpg,brightness,25.454,contrast,1.16,gamma,1.064,M_4_1_E_filler_7_day_sun_busy_MODEL_brightness25.454_contrast1.160_gamma1.064.jpg,Ignore,2026-01-12T17:32:32.234,1768206752.2346156,85.9870593547821,5159,10318,,,E,7,,1,Correct Rejection,正解(スルー成功),1,alphabet_fixed,./fillerpic/0_day_nocar.png,0_day_nocar.png,10318,3.746,3.358,3.552,19610.42,0.0509932984607163,3.7547999999999995,3.3925999999999994,3.5736999999999997,,0.0,,
S15_4_35,S15,4,35,1,match,1,original,G:\pictures_verify\transformed_verify\roomBright_figureDark\sun_empty\1_day_sun_empty.jpg,,,,,,,M_4_43_1_match_1_day_sun_empty_ORIG.jpg,Match,2026-01-12T17:32:34.826,1768206754.8268557,88.57929944992065,5315,10630,2026-01-12T17:32:36.126,1.2998528480529783,1,1,t,1,Hit,正解(一致),0,normal_image_name,D:\experiment_images_verify\Bright\S15\4\M_4_43_1_match_1_day_sun_empty_ORIG.jpg,M_4_43_1_match_1_day_sun_empty_ORIG.jpg,10630,3.976,3.666,3.8209999999999997,19601.493,0.05101652205778407,3.9737999999999998,3.6572000000000005,3.8155,,0.0,,
S15_4_36,S15,4,36,R,filler,2,model,G:\pictures_verify\transformed_verify\roomBright_figureDark\rain_busy\2_day_rain_busy.jpg,brightness,23.168,contrast,1.169,gamma,1.078,M_4_9_R_filler_2_day_rain_busy_MODEL_brightness23.168_contrast1.169_gamma1.078.jpg,Ignore,2026-01-12T17:32:37.426,1768206757.4264371,91.1788809299469,5471,10941,,,R,2,,1,Correct Rejection,正解(スルー成功),1,alphabet_fixed,./fillerpic/0_day_nocar.png,0_day_nocar.png,10941,3.599,3.319,3.459,19626.752,0.050950865431019864,3.608199999999999,3.3282000000000003,3.4681999999999995,,0.0,,
S15_4_37,S15,4,37,0,match,0,original,G:\pictures_verify\transformed_verify\roomBright_figureDark\rain_empty\0_day_rain_empty.jpg,,,,,,,M_4_8_0_match_0_day_rain_empty_ORIG.jpg,Match,2026-01-12T17:32:40.035,1768206760.0359712,93.78841495513916,5627,11255,2026-01-12T17:32:41.361,1.3252294063568115,0,0,t,1,Hit,正解(一致),0,normal_image_name,D:\experiment_images_verify\Bright\S15\4\M_4_8_0_match_0_day_rain_empty_ORIG.jpg,M_4_8_0_match_0_day_rain_empty_ORIG.jpg,11255,4.009,3.674,3.8415,19608.236,0.0509989781844731,3.978999999999999,3.6156000000000006,3.7973,,0.0,,
S15_4_38,S15,4,38,R,filler,4,model,G:\pictures_verify\transformed_verify\roomBright_figureDark\rain_busy\4_day_rain_busy.jpg,brightness,23.168,contrast,1.169,gamma,1.078,M_4_27_R_filler_4_day_rain_busy_MODEL_brightness23.168_contrast1.169_gamma1.078.jpg,Ignore,2026-01-12T17:32:42.644,1768206762.6444414,96.39688515663148,5784,11568,,,R,4,,1,Correct Rejection,正解(スルー成功),1,alphabet_fixed,./fillerpic/0_day_nocar.png,0_day_nocar.png,11568,3.821,3.431,3.6260000000000003,19597.453,0.05102703907492468,3.786,3.431,3.6085000000000003,,0.0,6.997194433381223,11664.0
S15_4_39,S15,4,39,2,unmatch,1,original,G:\pictures_verify\transformed_verify\roomBright_figureDark\sun_empty\1_day_sun_empty.jpg,,,,,,,M_4_38_2_unmatch_1_day_sun_empty_ORIG.jpg,Mismatch,2026-01-12T17:32:45.249,1768206765.2496474,99.0020911693573,5940,11880,2026-01-12T17:32:46.365,1.1157419681549072,2,1,b,1,Correct Rejection,正解(不一致),0,normal_image_name,D:\experiment_images_verify\Bright\S15\4\M_4_38_2_unmatch_1_day_sun_empty_ORIG.jpg,M_4_38_2_unmatch_1_day_sun_empty_ORIG.jpg,11880,4.068,3.62,3.844,19580.206,0.05107198565735213,4.067599999999999,3.5982,3.8328999999999995,,0.0,,
S15_4_40,S15,4,40,L,filler,5,brightonly,G:\pictures_verify\transformed_verify\roomBright_figureDark\sun_busy\5_day_sun_busy.jpg,brightness,45.47,,,,,M_4_24_L_filler_5_day_sun_busy_BRIGHTONLY_brightness45.470.jpg,Ignore,2026-01-12T17:32:47.850,1768206767.850514,101.6029577255249,6096,12192,,,L,5,,1,Correct Rejection,正解(スルー成功),1,alphabet_fixed,./fillerpic/0_day_nocar.png,0_day_nocar.png,12192,3.965,3.529,3.747,19577.084,0.051080130217554365,3.9581999999999993,3.5418,3.7499999999999996,,0.0,,
S15_4_41,S15,4,41,S,filler,7,original,G:\pictures_verify\transformed_verify\roomBright_figureDark\rain_empty\7_day_rain_empty.jpg,,,,,,,M_4_36_S_filler_7_day_rain_empty_ORIG.jpg,Ignore,2026-01-12T17:32:50.453,1768206770.4537332,104.20617699623108,6252,12505,,,S,7,,1,Correct Rejection,正解(スルー成功),1,alphabet_fixed,./fillerpic/0_day_nocar.png,0_day_nocar.png,12505,3.965,3.53,3.7474999999999996,19571.66,0.05109428633033682,3.9625999999999997,3.5636,3.7630999999999997,,0.0,,
S15_4_42,S15,4,42,F,filler,0,model,G:\pictures_verify\transformed_verify\roomBright_figureDark\sun_busy\0_day_sun_busy.jpg,brightness,25.454,contrast,1.16,gamma,1.064,M_4_35_F_filler_0_day_sun_busy_MODEL_brightness25.454_contrast1.160_gamma1.064.jpg,Ignore,2026-01-12T17:32:53.061,1768206773.0619645,106.81440806388856,6409,12818,,,F,0,,1,Correct Rejection,正解(スルー成功),1,alphabet_fixed,./fillerpic/0_day_nocar.png,0_day_nocar.png,12818,3.965,3.587,3.776,19567.855,0.05110422169420205,3.9696,3.603,3.7862999999999998,,0.0,,
S15_4_43,S15,4,43,Q,filler,7,original,G:\pictures_verify\transformed_verify\roomBright_figureDark\sun_empty\7_day_sun_empty.jpg,,,,,,,M_4_11_Q_filler_7_day_sun_empty_ORIG.jpg,Ignore,2026-01-12T17:32:55.661,1768206775.661921,109.4143648147583,6565,13130,,,Q,7,,1,Correct Rejection,正解(スルー成功),1,alphabet_fixed,./fillerpic/0_day_nocar.png,0_day_nocar.png,13130,3.859,3.557,3.708,19579.905,0.051072770782085004,3.8503999999999996,3.5512,3.7008,,0.0,,
S15_4_44,S15,4,44,5,unmatch,3,model,G:\pictures_verify\transformed_verify\roomBright_figureDark\rain_empty\3_day_rain_empty.jpg,brightness,22.602,contrast,1.158,gamma,1.045,M_4_26_5_unmatch_3_day_rain_empty_MODEL_brightness22.602_contrast1.158_gamma1.045.jpg,Mismatch,2026-01-12T17:32:58.262,1768206778.262655,112.01509881019592,6721,13442,2026-01-12T17:32:59.651,1.3891048431396484,5,3,b,1,Correct Rejection,正解(不一致),0,normal_image_name,D:\experiment_images_verify\Bright\S15\4\M_4_26_5_unmatch_3_day_rain_empty_MODEL_brightness22.602_contrast1.158_gamma1.045.jpg,M_4_26_5_unmatch_3_day_rain_empty_MODEL_brightness22.602_contrast1.158_gamma1.045.jpg,13442,3.774,3.33,3.552,19558.563,0.05112850059587711,3.7851999999999997,3.4142,3.5997,,0.0,,
S15_4_45,S15,4,45,D,filler,5,brightonly,G:\pictures_verify\transformed_verify\roomBright_figureDark\rain_busy\5_day_rain_busy.jpg,brightness,36.09,,,,,M_4_16_D_filler_5_day_rain_busy_BRIGHTONLY_brightness36.090.jpg,Ignore,2026-01-12T17:33:00.856,1768206780.856905,114.6093487739563,6877,13753,,,D,5,,1,Correct Rejection,正解(スルー成功),1,alphabet_fixed,./fillerpic/0_day_nocar.png,0_day_nocar.png,13753,3.711,3.404,3.5575,19592.246,0.05104060044979019,3.7165999999999997,3.3802,3.5484,,0.0,,
S15_4_46,S15,4,46,R,filler,7,brightonly,G:\pictures_verify\transformed_verify\roomBright_figureDark\sun_empty\7_day_sun_empty.jpg,brightness,40.55,,,,,M_4_33_R_filler_7_day_sun_empty_BRIGHTONLY_brightness40.550.jpg,Ignore,2026-01-12T17:33:03.455,1768206783.455247,117.2076907157898,7032,14065,,,R,7,,1,Correct Rejection,正解(スルー成功),1,alphabet_fixed,./fillerpic/0_day_nocar.png,0_day_nocar.png,14065,4.203,3.718,3.9605,19561.133,0.051121783180964005,4.2058,3.7312,3.9684999999999997,,0.0,,
S15_4_47,S15,4,47,I,filler,3,model,G:\pictures_verify\transformed_verify\roomBright_figureDark\sun_busy\3_day_sun_busy.jpg,brightness,25.454,contrast,1.16,gamma,1.064,M_4_44_I_filler_3_day_sun_busy_MODEL_brightness25.454_contrast1.160_gamma1.064.jpg,Ignore,2026-01-12T17:33:06.056,1768206786.056371,119.80881476402284,7189,14377,,,I,3,,1,Correct Rejection,正解(スルー成功),1,alphabet_fixed,./fillerpic/0_day_nocar.png,0_day_nocar.png,14377,4.492,3.901,4.1965,19556.16,0.051134783106703975,4.5128,3.8660000000000005,4.189400000000001,,0.0,,
S15_4_48,S15,4,48,8,unmatch,6,brightonly,G:\pictures_verify\transformed_verify\roomBright_figureDark\rain_busy\6_day_rain_busy.jpg,brightness,36.09,,,,,M_4_6_8_unmatch_6_day_rain_busy_BRIGHTONLY_brightness36.090.jpg,Mismatch,2026-01-12T17:33:08.655,1768206788.6559846,122.40842843055724,7345,14689,2026-01-12T17:33:09.772,1.1165893077850342,8,6,b,1,Correct Rejection,正解(不一致),0,normal_image_name,D:\experiment_images_verify\Bright\S15\4\M_4_6_8_unmatch_6_day_rain_busy_BRIGHTONLY_brightness36.090.jpg,M_4_6_8_unmatch_6_day_rain_busy_BRIGHTONLY_brightness36.090.jpg,14689,4.426,3.822,4.1240000000000006,19588.567,0.05105018657056435,4.430999999999999,3.8116,4.1213,,0.0,,
